id,latitude,longitude,time,direction,measurement
1, 52.079037, 5.081251, 2018-03-15T00:00:00, 71.83128, 8
1, 52.079037, 5.081251, 2018-03-15T00:00:00, 251.8313, 7
1, 52.079037, 5.081251, 2018-03-15T01:00:00, 71.83128, 2
1, 52.079037, 5.081251, 2018-03-15T01:00:00, 251.8313, 5
1, 52.079037, 5.081251, 2018-03-15T02:00:00, 71.83128, 1
1, 52.079037, 5.081251, 2018-03-15T02:00:00, 251.8313, 2
1, 52.079037, 5.081251, 2018-03-15T03:00:00, 71.83128, 1
1, 52.079037, 5.081251, 2018-03-15T03:00:00, 251.8313, 6
1, 52.079037, 5.081251, 2018-03-15T04:00:00, 71.83128, 3
1, 52.079037, 5.081251, 2018-03-15T04:00:00, 251.8313, 3
1, 52.079037, 5.081251, 2018-03-15T05:00:00, 71.83128, 7
1, 52.079037, 5.081251, 2018-03-15T05:00:00, 251.8313, 11
1, 52.079037, 5.081251, 2018-03-15T06:00:00, 71.83128, 39
1, 52.079037, 5.081251, 2018-03-15T06:00:00, 251.8313, 31
1, 52.079037, 5.081251, 2018-03-15T07:00:00, 71.83128, 190
1, 52.079037, 5.081251, 2018-03-15T07:00:00, 251.8313, 109
1, 52.079037, 5.081251, 2018-03-15T08:00:00, 71.83128, 392
1, 52.079037, 5.081251, 2018-03-15T08:00:00, 251.8313, 179
1, 52.079037, 5.081251, 2018-03-15T09:00:00, 71.83128, 107
1, 52.079037, 5.081251, 2018-03-15T09:00:00, 251.8313, 81
1, 52.079037, 5.081251, 2018-03-15T10:00:00, 71.83128, 53
1, 52.079037, 5.081251, 2018-03-15T10:00:00, 251.8313, 28
1, 52.079037, 5.081251, 2018-03-15T11:00:00, 71.83128, 45
1, 52.079037, 5.081251, 2018-03-15T11:00:00, 251.8313, 49
1, 52.079037, 5.081251, 2018-03-15T12:00:00, 71.83128, 52
1, 52.079037, 5.081251, 2018-03-15T12:00:00, 251.8313, 68
1, 52.079037, 5.081251, 2018-03-15T13:00:00, 71.83128, 47
1, 52.079037, 5.081251, 2018-03-15T13:00:00, 251.8313, 73
1, 52.079037, 5.081251, 2018-03-15T14:00:00, 71.83128, 53
1, 52.079037, 5.081251, 2018-03-15T14:00:00, 251.8313, 124
1, 52.079037, 5.081251, 2018-03-15T15:00:00, 71.83128, 75
1, 52.079037, 5.081251, 2018-03-15T15:00:00, 251.8313, 133
1, 52.079037, 5.081251, 2018-03-15T16:00:00, 71.83128, 90
1, 52.079037, 5.081251, 2018-03-15T16:00:00, 251.8313, 164
1, 52.079037, 5.081251, 2018-03-15T17:00:00, 71.83128, 154
1, 52.079037, 5.081251, 2018-03-15T17:00:00, 251.8313, 232
1, 52.079037, 5.081251, 2018-03-15T18:00:00, 71.83128, 73
1, 52.079037, 5.081251, 2018-03-15T18:00:00, 251.8313, 133
1, 52.079037, 5.081251, 2018-03-15T19:00:00, 71.83128, 33
1, 52.079037, 5.081251, 2018-03-15T19:00:00, 251.8313, 57
1, 52.079037, 5.081251, 2018-03-15T20:00:00, 71.83128, 22
1, 52.079037, 5.081251, 2018-03-15T20:00:00, 251.8313, 24
1, 52.079037, 5.081251, 2018-03-15T21:00:00, 71.83128, 21
1, 52.079037, 5.081251, 2018-03-15T21:00:00, 251.8313, 32
1, 52.079037, 5.081251, 2018-03-15T22:00:00, 71.83128, 38
1, 52.079037, 5.081251, 2018-03-15T22:00:00, 251.8313, 25
1, 52.079037, 5.081251, 2018-03-15T23:00:00, 71.83128, 33
1, 52.079037, 5.081251, 2018-03-15T23:00:00, 251.8313, 16
2, 52.097668, 5.077241, 2018-03-15T00:00:00, 97.79801, 24
2, 52.097668, 5.077241, 2018-03-15T00:00:00, 277.798, 21
2, 52.097668, 5.077241, 2018-03-15T01:00:00, 97.79801, 10
2, 52.097668, 5.077241, 2018-03-15T01:00:00, 277.798, 9
2, 52.097668, 5.077241, 2018-03-15T02:00:00, 97.79801, 15
2, 52.097668, 5.077241, 2018-03-15T02:00:00, 277.798, 5
2, 52.097668, 5.077241, 2018-03-15T03:00:00, 97.79801, 4
2, 52.097668, 5.077241, 2018-03-15T03:00:00, 277.798, 7
2, 52.097668, 5.077241, 2018-03-15T04:00:00, 97.79801, 8
2, 52.097668, 5.077241, 2018-03-15T04:00:00, 277.798, 9
2, 52.097668, 5.077241, 2018-03-15T05:00:00, 97.79801, 21
2, 52.097668, 5.077241, 2018-03-15T05:00:00, 277.798, 38
2, 52.097668, 5.077241, 2018-03-15T06:00:00, 97.79801, 72
2, 52.097668, 5.077241, 2018-03-15T06:00:00, 277.798, 78
2, 52.097668, 5.077241, 2018-03-15T07:00:00, 97.79801, 310
2, 52.097668, 5.077241, 2018-03-15T07:00:00, 277.798, 285
2, 52.097668, 5.077241, 2018-03-15T08:00:00, 97.79801, 563
2, 52.097668, 5.077241, 2018-03-15T08:00:00, 277.798, 425
2, 52.097668, 5.077241, 2018-03-15T09:00:00, 97.79801, 150
2, 52.097668, 5.077241, 2018-03-15T09:00:00, 277.798, 180
2, 52.097668, 5.077241, 2018-03-15T10:00:00, 97.79801, 120
2, 52.097668, 5.077241, 2018-03-15T10:00:00, 277.798, 104
2, 52.097668, 5.077241, 2018-03-15T11:00:00, 97.79801, 111
2, 52.097668, 5.077241, 2018-03-15T11:00:00, 277.798, 99
2, 52.097668, 5.077241, 2018-03-15T12:00:00, 97.79801, 127
2, 52.097668, 5.077241, 2018-03-15T12:00:00, 277.798, 136
2, 52.097668, 5.077241, 2018-03-15T13:00:00, 97.79801, 136
2, 52.097668, 5.077241, 2018-03-15T13:00:00, 277.798, 158
2, 52.097668, 5.077241, 2018-03-15T14:00:00, 97.79801, 208
2, 52.097668, 5.077241, 2018-03-15T14:00:00, 277.798, 176
2, 52.097668, 5.077241, 2018-03-15T15:00:00, 97.79801, 241
2, 52.097668, 5.077241, 2018-03-15T15:00:00, 277.798, 164
2, 52.097668, 5.077241, 2018-03-15T16:00:00, 97.79801, 306
2, 52.097668, 5.077241, 2018-03-15T16:00:00, 277.798, 267
2, 52.097668, 5.077241, 2018-03-15T17:00:00, 97.79801, 338
2, 52.097668, 5.077241, 2018-03-15T17:00:00, 277.798, 350
2, 52.097668, 5.077241, 2018-03-15T18:00:00, 97.79801, 211
2, 52.097668, 5.077241, 2018-03-15T18:00:00, 277.798, 236
2, 52.097668, 5.077241, 2018-03-15T19:00:00, 97.79801, 120
2, 52.097668, 5.077241, 2018-03-15T19:00:00, 277.798, 126
2, 52.097668, 5.077241, 2018-03-15T20:00:00, 97.79801, 92
2, 52.097668, 5.077241, 2018-03-15T20:00:00, 277.798, 100
2, 52.097668, 5.077241, 2018-03-15T21:00:00, 97.79801, 68
2, 52.097668, 5.077241, 2018-03-15T21:00:00, 277.798, 98
2, 52.097668, 5.077241, 2018-03-15T22:00:00, 97.79801, 80
2, 52.097668, 5.077241, 2018-03-15T22:00:00, 277.798, 110
2, 52.097668, 5.077241, 2018-03-15T23:00:00, 97.79801, 77
2, 52.097668, 5.077241, 2018-03-15T23:00:00, 277.798, 47
3, 52.071706, 5.110506, 2018-03-15T00:00:00, 350.934, 8
3, 52.071706, 5.110506, 2018-03-15T00:00:00, 170.934, 10
3, 52.071706, 5.110506, 2018-03-15T01:00:00, 350.934, 10
3, 52.071706, 5.110506, 2018-03-15T01:00:00, 170.934, 6
3, 52.071706, 5.110506, 2018-03-15T02:00:00, 350.934, 3
3, 52.071706, 5.110506, 2018-03-15T02:00:00, 170.934, 3
3, 52.071706, 5.110506, 2018-03-15T03:00:00, 350.934, 7
3, 52.071706, 5.110506, 2018-03-15T03:00:00, 170.934, 2
3, 52.071706, 5.110506, 2018-03-15T04:00:00, 350.934, 8
3, 52.071706, 5.110506, 2018-03-15T04:00:00, 170.934, 5
3, 52.071706, 5.110506, 2018-03-15T05:00:00, 350.934, 9
3, 52.071706, 5.110506, 2018-03-15T05:00:00, 170.934, 19
3, 52.071706, 5.110506, 2018-03-15T06:00:00, 350.934, 31
3, 52.071706, 5.110506, 2018-03-15T06:00:00, 170.934, 87
3, 52.071706, 5.110506, 2018-03-15T07:00:00, 350.934, 153
3, 52.071706, 5.110506, 2018-03-15T07:00:00, 170.934, 226
3, 52.071706, 5.110506, 2018-03-15T08:00:00, 350.934, 357
3, 52.071706, 5.110506, 2018-03-15T08:00:00, 170.934, 355
3, 52.071706, 5.110506, 2018-03-15T09:00:00, 350.934, 151
3, 52.071706, 5.110506, 2018-03-15T09:00:00, 170.934, 136
3, 52.071706, 5.110506, 2018-03-15T10:00:00, 350.934, 52
3, 52.071706, 5.110506, 2018-03-15T10:00:00, 170.934, 75
3, 52.071706, 5.110506, 2018-03-15T11:00:00, 350.934, 66
3, 52.071706, 5.110506, 2018-03-15T11:00:00, 170.934, 61
3, 52.071706, 5.110506, 2018-03-15T12:00:00, 350.934, 75
3, 52.071706, 5.110506, 2018-03-15T12:00:00, 170.934, 84
3, 52.071706, 5.110506, 2018-03-15T13:00:00, 350.934, 102
3, 52.071706, 5.110506, 2018-03-15T13:00:00, 170.934, 86
3, 52.071706, 5.110506, 2018-03-15T14:00:00, 350.934, 88
3, 52.071706, 5.110506, 2018-03-15T14:00:00, 170.934, 118
3, 52.071706, 5.110506, 2018-03-15T15:00:00, 350.934, 114
3, 52.071706, 5.110506, 2018-03-15T15:00:00, 170.934, 137
3, 52.071706, 5.110506, 2018-03-15T16:00:00, 350.934, 182
3, 52.071706, 5.110506, 2018-03-15T16:00:00, 170.934, 251
3, 52.071706, 5.110506, 2018-03-15T17:00:00, 350.934, 256
3, 52.071706, 5.110506, 2018-03-15T17:00:00, 170.934, 341
3, 52.071706, 5.110506, 2018-03-15T18:00:00, 350.934, 220
3, 52.071706, 5.110506, 2018-03-15T18:00:00, 170.934, 173
3, 52.071706, 5.110506, 2018-03-15T19:00:00, 350.934, 124
3, 52.071706, 5.110506, 2018-03-15T19:00:00, 170.934, 102
3, 52.071706, 5.110506, 2018-03-15T20:00:00, 350.934, 89
3, 52.071706, 5.110506, 2018-03-15T20:00:00, 170.934, 82
3, 52.071706, 5.110506, 2018-03-15T21:00:00, 350.934, 64
3, 52.071706, 5.110506, 2018-03-15T21:00:00, 170.934, 52
3, 52.071706, 5.110506, 2018-03-15T22:00:00, 350.934, 52
3, 52.071706, 5.110506, 2018-03-15T22:00:00, 170.934, 33
3, 52.071706, 5.110506, 2018-03-15T23:00:00, 350.934, 39
3, 52.071706, 5.110506, 2018-03-15T23:00:00, 170.934, 15
4, 52.092970, 5.113132, 2018-03-15T00:00:00, 79.36446, 177
4, 52.092970, 5.113132, 2018-03-15T00:00:00, 259.3645, 233
4, 52.092970, 5.113132, 2018-03-15T01:00:00, 79.36446, 63
4, 52.092970, 5.113132, 2018-03-15T01:00:00, 259.3645, 105
4, 52.092970, 5.113132, 2018-03-15T02:00:00, 79.36446, 20
4, 52.092970, 5.113132, 2018-03-15T02:00:00, 259.3645, 94
4, 52.092970, 5.113132, 2018-03-15T03:00:00, 79.36446, 5
4, 52.092970, 5.113132, 2018-03-15T03:00:00, 259.3645, 73
4, 52.092970, 5.113132, 2018-03-15T04:00:00, 79.36446, 14
4, 52.092970, 5.113132, 2018-03-15T04:00:00, 259.3645, 51
4, 52.092970, 5.113132, 2018-03-15T05:00:00, 79.36446, 26
4, 52.092970, 5.113132, 2018-03-15T05:00:00, 259.3645, 57
4, 52.092970, 5.113132, 2018-03-15T06:00:00, 79.36446, 115
4, 52.092970, 5.113132, 2018-03-15T06:00:00, 259.3645, 313
4, 52.092970, 5.113132, 2018-03-15T07:00:00, 79.36446, 642
4, 52.092970, 5.113132, 2018-03-15T07:00:00, 259.3645, 1198
4, 52.092970, 5.113132, 2018-03-15T08:00:00, 79.36446, 1711
4, 52.092970, 5.113132, 2018-03-15T08:00:00, 259.3645, 1608
4, 52.092970, 5.113132, 2018-03-15T09:00:00, 79.36446, 1059
4, 52.092970, 5.113132, 2018-03-15T09:00:00, 259.3645, 712
4, 52.092970, 5.113132, 2018-03-15T10:00:00, 79.36446, 756
4, 52.092970, 5.113132, 2018-03-15T10:00:00, 259.3645, 506
4, 52.092970, 5.113132, 2018-03-15T11:00:00, 79.36446, 578
4, 52.092970, 5.113132, 2018-03-15T11:00:00, 259.3645, 528
4, 52.092970, 5.113132, 2018-03-15T12:00:00, 79.36446, 722
4, 52.092970, 5.113132, 2018-03-15T12:00:00, 259.3645, 662
4, 52.092970, 5.113132, 2018-03-15T13:00:00, 79.36446, 785
4, 52.092970, 5.113132, 2018-03-15T13:00:00, 259.3645, 805
4, 52.092970, 5.113132, 2018-03-15T14:00:00, 79.36446, 748
4, 52.092970, 5.113132, 2018-03-15T14:00:00, 259.3645, 806
4, 52.092970, 5.113132, 2018-03-15T15:00:00, 79.36446, 803
4, 52.092970, 5.113132, 2018-03-15T15:00:00, 259.3645, 949
4, 52.092970, 5.113132, 2018-03-15T16:00:00, 79.36446, 1080
4, 52.092970, 5.113132, 2018-03-15T16:00:00, 259.3645, 1209
4, 52.092970, 5.113132, 2018-03-15T17:00:00, 79.36446, 1752
4, 52.092970, 5.113132, 2018-03-15T17:00:00, 259.3645, 1826
4, 52.092970, 5.113132, 2018-03-15T18:00:00, 79.36446, 1800
4, 52.092970, 5.113132, 2018-03-15T18:00:00, 259.3645, 1275
4, 52.092970, 5.113132, 2018-03-15T19:00:00, 79.36446, 1144
4, 52.092970, 5.113132, 2018-03-15T19:00:00, 259.3645, 822
4, 52.092970, 5.113132, 2018-03-15T20:00:00, 79.36446, 756
4, 52.092970, 5.113132, 2018-03-15T20:00:00, 259.3645, 685
4, 52.092970, 5.113132, 2018-03-15T21:00:00, 79.36446, 582
4, 52.092970, 5.113132, 2018-03-15T21:00:00, 259.3645, 716
4, 52.092970, 5.113132, 2018-03-15T22:00:00, 79.36446, 540
4, 52.092970, 5.113132, 2018-03-15T22:00:00, 259.3645, 663
4, 52.092970, 5.113132, 2018-03-15T23:00:00, 79.36446, 471
4, 52.092970, 5.113132, 2018-03-15T23:00:00, 259.3645, 470
5, 52.095654, 5.108934, 2018-03-15T00:00:00, 145.1671, 50
5, 52.095654, 5.108934, 2018-03-15T00:00:00, 312.7548, 172
5, 52.095654, 5.108934, 2018-03-15T01:00:00, 145.1671, 16
5, 52.095654, 5.108934, 2018-03-15T01:00:00, 312.7548, 58
5, 52.095654, 5.108934, 2018-03-15T02:00:00, 145.1671, 8
5, 52.095654, 5.108934, 2018-03-15T02:00:00, 312.7548, 52
5, 52.095654, 5.108934, 2018-03-15T03:00:00, 145.1671, 13
5, 52.095654, 5.108934, 2018-03-15T03:00:00, 312.7548, 19
5, 52.095654, 5.108934, 2018-03-15T04:00:00, 145.1671, 12
5, 52.095654, 5.108934, 2018-03-15T04:00:00, 312.7548, 16
5, 52.095654, 5.108934, 2018-03-15T05:00:00, 145.1671, 59
5, 52.095654, 5.108934, 2018-03-15T05:00:00, 312.7548, 22
5, 52.095654, 5.108934, 2018-03-15T06:00:00, 145.1671, 291
5, 52.095654, 5.108934, 2018-03-15T06:00:00, 312.7548, 53
5, 52.095654, 5.108934, 2018-03-15T07:00:00, 145.1671, 1207
5, 52.095654, 5.108934, 2018-03-15T07:00:00, 312.7548, 178
5, 52.095654, 5.108934, 2018-03-15T08:00:00, 145.1671, 1657
5, 52.095654, 5.108934, 2018-03-15T08:00:00, 312.7548, 497
5, 52.095654, 5.108934, 2018-03-15T09:00:00, 145.1671, 699
5, 52.095654, 5.108934, 2018-03-15T09:00:00, 312.7548, 260
5, 52.095654, 5.108934, 2018-03-15T10:00:00, 145.1671, 432
5, 52.095654, 5.108934, 2018-03-15T10:00:00, 312.7548, 228
5, 52.095654, 5.108934, 2018-03-15T11:00:00, 145.1671, 398
5, 52.095654, 5.108934, 2018-03-15T11:00:00, 312.7548, 244
5, 52.095654, 5.108934, 2018-03-15T12:00:00, 145.1671, 409
5, 52.095654, 5.108934, 2018-03-15T12:00:00, 312.7548, 358
5, 52.095654, 5.108934, 2018-03-15T13:00:00, 145.1671, 386
5, 52.095654, 5.108934, 2018-03-15T13:00:00, 312.7548, 373
5, 52.095654, 5.108934, 2018-03-15T14:00:00, 145.1671, 453
5, 52.095654, 5.108934, 2018-03-15T14:00:00, 312.7548, 450
5, 52.095654, 5.108934, 2018-03-15T15:00:00, 145.1671, 425
5, 52.095654, 5.108934, 2018-03-15T15:00:00, 312.7548, 562
5, 52.095654, 5.108934, 2018-03-15T16:00:00, 145.1671, 458
5, 52.095654, 5.108934, 2018-03-15T16:00:00, 312.7548, 745
5, 52.095654, 5.108934, 2018-03-15T17:00:00, 145.1671, 603
5, 52.095654, 5.108934, 2018-03-15T17:00:00, 312.7548, 1099
5, 52.095654, 5.108934, 2018-03-15T18:00:00, 145.1671, 558
5, 52.095654, 5.108934, 2018-03-15T18:00:00, 312.7548, 1011
5, 52.095654, 5.108934, 2018-03-15T19:00:00, 145.1671, 459
5, 52.095654, 5.108934, 2018-03-15T19:00:00, 312.7548, 665
5, 52.095654, 5.108934, 2018-03-15T20:00:00, 145.1671, 311
5, 52.095654, 5.108934, 2018-03-15T20:00:00, 312.7548, 456
5, 52.095654, 5.108934, 2018-03-15T21:00:00, 145.1671, 264
5, 52.095654, 5.108934, 2018-03-15T21:00:00, 312.7548, 448
5, 52.095654, 5.108934, 2018-03-15T22:00:00, 145.1671, 207
5, 52.095654, 5.108934, 2018-03-15T22:00:00, 312.7548, 490
5, 52.095654, 5.108934, 2018-03-15T23:00:00, 145.1671, 129
5, 52.095654, 5.108934, 2018-03-15T23:00:00, 312.7548, 371
6, 52.092807, 5.127212, 2018-03-15T00:00:00, 274.2872, 109
6, 52.092807, 5.127212, 2018-03-15T00:00:00, 97.28838, 55
6, 52.092807, 5.127212, 2018-03-15T01:00:00, 274.2872, 63
6, 52.092807, 5.127212, 2018-03-15T01:00:00, 97.28838, 43
6, 52.092807, 5.127212, 2018-03-15T02:00:00, 274.2872, 51
6, 52.092807, 5.127212, 2018-03-15T02:00:00, 97.28838, 4
6, 52.092807, 5.127212, 2018-03-15T03:00:00, 274.2872, 48
6, 52.092807, 5.127212, 2018-03-15T03:00:00, 97.28838, 4
6, 52.092807, 5.127212, 2018-03-15T04:00:00, 274.2872, 35
6, 52.092807, 5.127212, 2018-03-15T04:00:00, 97.28838, 3
6, 52.092807, 5.127212, 2018-03-15T05:00:00, 274.2872, 10
6, 52.092807, 5.127212, 2018-03-15T05:00:00, 97.28838, 5
6, 52.092807, 5.127212, 2018-03-15T06:00:00, 274.2872, 61
6, 52.092807, 5.127212, 2018-03-15T06:00:00, 97.28838, 93
6, 52.092807, 5.127212, 2018-03-15T07:00:00, 274.2872, 451
6, 52.092807, 5.127212, 2018-03-15T07:00:00, 97.28838, 377
6, 52.092807, 5.127212, 2018-03-15T08:00:00, 274.2872, 1185
6, 52.092807, 5.127212, 2018-03-15T08:00:00, 97.28838, 643
6, 52.092807, 5.127212, 2018-03-15T09:00:00, 274.2872, 638
6, 52.092807, 5.127212, 2018-03-15T09:00:00, 97.28838, 376
6, 52.092807, 5.127212, 2018-03-15T10:00:00, 274.2872, 497
6, 52.092807, 5.127212, 2018-03-15T10:00:00, 97.28838, 327
6, 52.092807, 5.127212, 2018-03-15T11:00:00, 274.2872, 402
6, 52.092807, 5.127212, 2018-03-15T11:00:00, 97.28838, 374
6, 52.092807, 5.127212, 2018-03-15T12:00:00, 274.2872, 480
6, 52.092807, 5.127212, 2018-03-15T12:00:00, 97.28838, 437
6, 52.092807, 5.127212, 2018-03-15T13:00:00, 274.2872, 574
6, 52.092807, 5.127212, 2018-03-15T13:00:00, 97.28838, 475
6, 52.092807, 5.127212, 2018-03-15T14:00:00, 274.2872, 522
6, 52.092807, 5.127212, 2018-03-15T14:00:00, 97.28838, 457
6, 52.092807, 5.127212, 2018-03-15T15:00:00, 274.2872, 541
6, 52.092807, 5.127212, 2018-03-15T15:00:00, 97.28838, 533
6, 52.092807, 5.127212, 2018-03-15T16:00:00, 274.2872, 614
6, 52.092807, 5.127212, 2018-03-15T16:00:00, 97.28838, 593
6, 52.092807, 5.127212, 2018-03-15T17:00:00, 274.2872, 886
6, 52.092807, 5.127212, 2018-03-15T17:00:00, 97.28838, 946
6, 52.092807, 5.127212, 2018-03-15T18:00:00, 274.2872, 893
6, 52.092807, 5.127212, 2018-03-15T18:00:00, 97.28838, 707
6, 52.092807, 5.127212, 2018-03-15T19:00:00, 274.2872, 571
6, 52.092807, 5.127212, 2018-03-15T19:00:00, 97.28838, 472
6, 52.092807, 5.127212, 2018-03-15T20:00:00, 274.2872, 407
6, 52.092807, 5.127212, 2018-03-15T20:00:00, 97.28838, 352
6, 52.092807, 5.127212, 2018-03-15T21:00:00, 274.2872, 360
6, 52.092807, 5.127212, 2018-03-15T21:00:00, 97.28838, 291
6, 52.092807, 5.127212, 2018-03-15T22:00:00, 274.2872, 331
6, 52.092807, 5.127212, 2018-03-15T22:00:00, 97.28838, 237
6, 52.092807, 5.127212, 2018-03-15T23:00:00, 274.2872, 289
6, 52.092807, 5.127212, 2018-03-15T23:00:00, 97.28838, 184
7, 52.08631, 5.12921, 2018-03-15T00:00:00, 340.9441, 20
7, 52.08631, 5.12921, 2018-03-15T00:00:00, 160.9441, 33
7, 52.08631, 5.12921, 2018-03-15T01:00:00, 340.9441, 7
7, 52.08631, 5.12921, 2018-03-15T01:00:00, 160.9441, 29
7, 52.08631, 5.12921, 2018-03-15T02:00:00, 340.9441, 5
7, 52.08631, 5.12921, 2018-03-15T02:00:00, 160.9441, 23
7, 52.08631, 5.12921, 2018-03-15T03:00:00, 340.9441, 4
7, 52.08631, 5.12921, 2018-03-15T03:00:00, 160.9441, 13
7, 52.08631, 5.12921, 2018-03-15T04:00:00, 340.9441, 2
7, 52.08631, 5.12921, 2018-03-15T04:00:00, 160.9441, 13
7, 52.08631, 5.12921, 2018-03-15T05:00:00, 340.9441, 0
7, 52.08631, 5.12921, 2018-03-15T05:00:00, 160.9441, 10
7, 52.08631, 5.12921, 2018-03-15T06:00:00, 340.9441, 27
7, 52.08631, 5.12921, 2018-03-15T06:00:00, 160.9441, 23
7, 52.08631, 5.12921, 2018-03-15T07:00:00, 340.9441, 158
7, 52.08631, 5.12921, 2018-03-15T07:00:00, 160.9441, 124
7, 52.08631, 5.12921, 2018-03-15T08:00:00, 340.9441, 437
7, 52.08631, 5.12921, 2018-03-15T08:00:00, 160.9441, 427
7, 52.08631, 5.12921, 2018-03-15T09:00:00, 340.9441, 201
7, 52.08631, 5.12921, 2018-03-15T09:00:00, 160.9441, 206
7, 52.08631, 5.12921, 2018-03-15T10:00:00, 340.9441, 153
7, 52.08631, 5.12921, 2018-03-15T10:00:00, 160.9441, 111
7, 52.08631, 5.12921, 2018-03-15T11:00:00, 340.9441, 135
7, 52.08631, 5.12921, 2018-03-15T11:00:00, 160.9441, 151
7, 52.08631, 5.12921, 2018-03-15T12:00:00, 340.9441, 169
7, 52.08631, 5.12921, 2018-03-15T12:00:00, 160.9441, 139
7, 52.08631, 5.12921, 2018-03-15T13:00:00, 340.9441, 174
7, 52.08631, 5.12921, 2018-03-15T13:00:00, 160.9441, 176
7, 52.08631, 5.12921, 2018-03-15T14:00:00, 340.9441, 203
7, 52.08631, 5.12921, 2018-03-15T14:00:00, 160.9441, 176
7, 52.08631, 5.12921, 2018-03-15T15:00:00, 340.9441, 181
7, 52.08631, 5.12921, 2018-03-15T15:00:00, 160.9441, 176
7, 52.08631, 5.12921, 2018-03-15T16:00:00, 340.9441, 210
7, 52.08631, 5.12921, 2018-03-15T16:00:00, 160.9441, 206
7, 52.08631, 5.12921, 2018-03-15T17:00:00, 340.9441, 343
7, 52.08631, 5.12921, 2018-03-15T17:00:00, 160.9441, 317
7, 52.08631, 5.12921, 2018-03-15T18:00:00, 340.9441, 221
7, 52.08631, 5.12921, 2018-03-15T18:00:00, 160.9441, 264
7, 52.08631, 5.12921, 2018-03-15T19:00:00, 340.9441, 205
7, 52.08631, 5.12921, 2018-03-15T19:00:00, 160.9441, 211
7, 52.08631, 5.12921, 2018-03-15T20:00:00, 340.9441, 170
7, 52.08631, 5.12921, 2018-03-15T20:00:00, 160.9441, 132
7, 52.08631, 5.12921, 2018-03-15T21:00:00, 340.9441, 96
7, 52.08631, 5.12921, 2018-03-15T21:00:00, 160.9441, 119
7, 52.08631, 5.12921, 2018-03-15T22:00:00, 340.9441, 101
7, 52.08631, 5.12921, 2018-03-15T22:00:00, 160.9441, 147
7, 52.08631, 5.12921, 2018-03-15T23:00:00, 340.9441, 54
7, 52.08631, 5.12921, 2018-03-15T23:00:00, 160.9441, 83
8, 52.079065, 5.131936, 2018-03-15T00:00:00, 272.0317, 3
8, 52.079065, 5.131936, 2018-03-15T00:00:00, 93.46281, 32
8, 52.079065, 5.131936, 2018-03-15T01:00:00, 272.0317, 2
8, 52.079065, 5.131936, 2018-03-15T01:00:00, 93.46281, 7
8, 52.079065, 5.131936, 2018-03-15T02:00:00, 272.0317, 0
8, 52.079065, 5.131936, 2018-03-15T02:00:00, 93.46281, 4
8, 52.079065, 5.131936, 2018-03-15T03:00:00, 272.0317, 1
8, 52.079065, 5.131936, 2018-03-15T03:00:00, 93.46281, 4
8, 52.079065, 5.131936, 2018-03-15T04:00:00, 272.0317, 0
8, 52.079065, 5.131936, 2018-03-15T04:00:00, 93.46281, 1
8, 52.079065, 5.131936, 2018-03-15T05:00:00, 272.0317, 1
8, 52.079065, 5.131936, 2018-03-15T05:00:00, 93.46281, 15
8, 52.079065, 5.131936, 2018-03-15T06:00:00, 272.0317, 1
8, 52.079065, 5.131936, 2018-03-15T06:00:00, 93.46281, 47
8, 52.079065, 5.131936, 2018-03-15T07:00:00, 272.0317, 6
8, 52.079065, 5.131936, 2018-03-15T07:00:00, 93.46281, 194
8, 52.079065, 5.131936, 2018-03-15T08:00:00, 272.0317, 9
8, 52.079065, 5.131936, 2018-03-15T08:00:00, 93.46281, 431
8, 52.079065, 5.131936, 2018-03-15T09:00:00, 272.0317, 8
8, 52.079065, 5.131936, 2018-03-15T09:00:00, 93.46281, 218
8, 52.079065, 5.131936, 2018-03-15T10:00:00, 272.0317, 5
8, 52.079065, 5.131936, 2018-03-15T10:00:00, 93.46281, 146
8, 52.079065, 5.131936, 2018-03-15T11:00:00, 272.0317, 25
8, 52.079065, 5.131936, 2018-03-15T11:00:00, 93.46281, 98
8, 52.079065, 5.131936, 2018-03-15T12:00:00, 272.0317, 17
8, 52.079065, 5.131936, 2018-03-15T12:00:00, 93.46281, 119
8, 52.079065, 5.131936, 2018-03-15T13:00:00, 272.0317, 16
8, 52.079065, 5.131936, 2018-03-15T13:00:00, 93.46281, 97
8, 52.079065, 5.131936, 2018-03-15T14:00:00, 272.0317, 18
8, 52.079065, 5.131936, 2018-03-15T14:00:00, 93.46281, 104
8, 52.079065, 5.131936, 2018-03-15T15:00:00, 272.0317, 22
8, 52.079065, 5.131936, 2018-03-15T15:00:00, 93.46281, 130
8, 52.079065, 5.131936, 2018-03-15T16:00:00, 272.0317, 44
8, 52.079065, 5.131936, 2018-03-15T16:00:00, 93.46281, 103
8, 52.079065, 5.131936, 2018-03-15T17:00:00, 272.0317, 64
8, 52.079065, 5.131936, 2018-03-15T17:00:00, 93.46281, 153
8, 52.079065, 5.131936, 2018-03-15T18:00:00, 272.0317, 42
8, 52.079065, 5.131936, 2018-03-15T18:00:00, 93.46281, 155
8, 52.079065, 5.131936, 2018-03-15T19:00:00, 272.0317, 34
8, 52.079065, 5.131936, 2018-03-15T19:00:00, 93.46281, 125
8, 52.079065, 5.131936, 2018-03-15T20:00:00, 272.0317, 16
8, 52.079065, 5.131936, 2018-03-15T20:00:00, 93.46281, 78
8, 52.079065, 5.131936, 2018-03-15T21:00:00, 272.0317, 26
8, 52.079065, 5.131936, 2018-03-15T21:00:00, 93.46281, 77
8, 52.079065, 5.131936, 2018-03-15T22:00:00, 272.0317, 15
8, 52.079065, 5.131936, 2018-03-15T22:00:00, 93.46281, 72
8, 52.079065, 5.131936, 2018-03-15T23:00:00, 272.0317, 10
8, 52.079065, 5.131936, 2018-03-15T23:00:00, 93.46281, 55
9, 52.096120, 5.142705, 2018-03-15T00:00:00, 248.4439, 42
9, 52.096120, 5.142705, 2018-03-15T00:00:00, 70.12505, 50
9, 52.096120, 5.142705, 2018-03-15T01:00:00, 248.4439, 21
9, 52.096120, 5.142705, 2018-03-15T01:00:00, 70.12505, 21
9, 52.096120, 5.142705, 2018-03-15T02:00:00, 248.4439, 24
9, 52.096120, 5.142705, 2018-03-15T02:00:00, 70.12505, 16
9, 52.096120, 5.142705, 2018-03-15T03:00:00, 248.4439, 26
9, 52.096120, 5.142705, 2018-03-15T03:00:00, 70.12505, 9
9, 52.096120, 5.142705, 2018-03-15T04:00:00, 248.4439, 7
9, 52.096120, 5.142705, 2018-03-15T04:00:00, 70.12505, 5
9, 52.096120, 5.142705, 2018-03-15T05:00:00, 248.4439, 19
9, 52.096120, 5.142705, 2018-03-15T05:00:00, 70.12505, 13
9, 52.096120, 5.142705, 2018-03-15T06:00:00, 248.4439, 100
9, 52.096120, 5.142705, 2018-03-15T06:00:00, 70.12505, 73
9, 52.096120, 5.142705, 2018-03-15T07:00:00, 248.4439, 733
9, 52.096120, 5.142705, 2018-03-15T07:00:00, 70.12505, 295
9, 52.096120, 5.142705, 2018-03-15T08:00:00, 248.4439, 2122
9, 52.096120, 5.142705, 2018-03-15T08:00:00, 70.12505, 710
9, 52.096120, 5.142705, 2018-03-15T09:00:00, 248.4439, 894
9, 52.096120, 5.142705, 2018-03-15T09:00:00, 70.12505, 310
9, 52.096120, 5.142705, 2018-03-15T10:00:00, 248.4439, 517
9, 52.096120, 5.142705, 2018-03-15T10:00:00, 70.12505, 163
9, 52.096120, 5.142705, 2018-03-15T11:00:00, 248.4439, 321
9, 52.096120, 5.142705, 2018-03-15T11:00:00, 70.12505, 285
9, 52.096120, 5.142705, 2018-03-15T12:00:00, 248.4439, 413
9, 52.096120, 5.142705, 2018-03-15T12:00:00, 70.12505, 467
9, 52.096120, 5.142705, 2018-03-15T13:00:00, 248.4439, 402
9, 52.096120, 5.142705, 2018-03-15T13:00:00, 70.12505, 417
9, 52.096120, 5.142705, 2018-03-15T14:00:00, 248.4439, 321
9, 52.096120, 5.142705, 2018-03-15T14:00:00, 70.12505, 425
9, 52.096120, 5.142705, 2018-03-15T15:00:00, 248.4439, 338
9, 52.096120, 5.142705, 2018-03-15T15:00:00, 70.12505, 588
9, 52.096120, 5.142705, 2018-03-15T16:00:00, 248.4439, 405
9, 52.096120, 5.142705, 2018-03-15T16:00:00, 70.12505, 956
9, 52.096120, 5.142705, 2018-03-15T17:00:00, 248.4439, 656
9, 52.096120, 5.142705, 2018-03-15T17:00:00, 70.12505, 1661
9, 52.096120, 5.142705, 2018-03-15T18:00:00, 248.4439, 381
9, 52.096120, 5.142705, 2018-03-15T18:00:00, 70.12505, 885
9, 52.096120, 5.142705, 2018-03-15T19:00:00, 248.4439, 197
9, 52.096120, 5.142705, 2018-03-15T19:00:00, 70.12505, 442
9, 52.096120, 5.142705, 2018-03-15T20:00:00, 248.4439, 135
9, 52.096120, 5.142705, 2018-03-15T20:00:00, 70.12505, 234
9, 52.096120, 5.142705, 2018-03-15T21:00:00, 248.4439, 200
9, 52.096120, 5.142705, 2018-03-15T21:00:00, 70.12505, 184
9, 52.096120, 5.142705, 2018-03-15T22:00:00, 248.4439, 160
9, 52.096120, 5.142705, 2018-03-15T22:00:00, 70.12505, 145
9, 52.096120, 5.142705, 2018-03-15T23:00:00, 248.4439, 115
9, 52.096120, 5.142705, 2018-03-15T23:00:00, 70.12505, 111
10, 52.086395, 5.161640, 2018-03-15T00:00:00, 270.8832, 34
10, 52.086395, 5.161640, 2018-03-15T00:00:00, 90.88322, 8
10, 52.086395, 5.161640, 2018-03-15T01:00:00, 270.8832, 11
10, 52.086395, 5.161640, 2018-03-15T01:00:00, 90.88322, 4
10, 52.086395, 5.161640, 2018-03-15T02:00:00, 270.8832, 11
10, 52.086395, 5.161640, 2018-03-15T02:00:00, 90.88322, 9
10, 52.086395, 5.161640, 2018-03-15T03:00:00, 270.8832, 1
10, 52.086395, 5.161640, 2018-03-15T03:00:00, 90.88322, 6
10, 52.086395, 5.161640, 2018-03-15T04:00:00, 270.8832, 0
10, 52.086395, 5.161640, 2018-03-15T04:00:00, 90.88322, 2
10, 52.086395, 5.161640, 2018-03-15T05:00:00, 270.8832, 2
10, 52.086395, 5.161640, 2018-03-15T05:00:00, 90.88322, 7
10, 52.086395, 5.161640, 2018-03-15T06:00:00, 270.8832, 10
10, 52.086395, 5.161640, 2018-03-15T06:00:00, 90.88322, 42
10, 52.086395, 5.161640, 2018-03-15T07:00:00, 270.8832, 48
10, 52.086395, 5.161640, 2018-03-15T07:00:00, 90.88322, 421
10, 52.086395, 5.161640, 2018-03-15T08:00:00, 270.8832, 174
10, 52.086395, 5.161640, 2018-03-15T08:00:00, 90.88322, 1464
10, 52.086395, 5.161640, 2018-03-15T09:00:00, 270.8832, 116
10, 52.086395, 5.161640, 2018-03-15T09:00:00, 90.88322, 875
10, 52.086395, 5.161640, 2018-03-15T10:00:00, 270.8832, 113
10, 52.086395, 5.161640, 2018-03-15T10:00:00, 90.88322, 539
10, 52.086395, 5.161640, 2018-03-15T11:00:00, 270.8832, 179
10, 52.086395, 5.161640, 2018-03-15T11:00:00, 90.88322, 279
10, 52.086395, 5.161640, 2018-03-15T12:00:00, 270.8832, 350
10, 52.086395, 5.161640, 2018-03-15T12:00:00, 90.88322, 248
10, 52.086395, 5.161640, 2018-03-15T13:00:00, 270.8832, 285
10, 52.086395, 5.161640, 2018-03-15T13:00:00, 90.88322, 364
10, 52.086395, 5.161640, 2018-03-15T14:00:00, 270.8832, 357
10, 52.086395, 5.161640, 2018-03-15T14:00:00, 90.88322, 175
10, 52.086395, 5.161640, 2018-03-15T15:00:00, 270.8832, 512
10, 52.086395, 5.161640, 2018-03-15T15:00:00, 90.88322, 173
10, 52.086395, 5.161640, 2018-03-15T16:00:00, 270.8832, 833
10, 52.086395, 5.161640, 2018-03-15T16:00:00, 90.88322, 143
10, 52.086395, 5.161640, 2018-03-15T17:00:00, 270.8832, 1296
10, 52.086395, 5.161640, 2018-03-15T17:00:00, 90.88322, 180
10, 52.086395, 5.161640, 2018-03-15T18:00:00, 270.8832, 649
10, 52.086395, 5.161640, 2018-03-15T18:00:00, 90.88322, 153
10, 52.086395, 5.161640, 2018-03-15T19:00:00, 270.8832, 319
10, 52.086395, 5.161640, 2018-03-15T19:00:00, 90.88322, 149
10, 52.086395, 5.161640, 2018-03-15T20:00:00, 270.8832, 165
10, 52.086395, 5.161640, 2018-03-15T20:00:00, 90.88322, 62
10, 52.086395, 5.161640, 2018-03-15T21:00:00, 270.8832, 157
10, 52.086395, 5.161640, 2018-03-15T21:00:00, 90.88322, 44
10, 52.086395, 5.161640, 2018-03-15T22:00:00, 270.8832, 104
10, 52.086395, 5.161640, 2018-03-15T22:00:00, 90.88322, 20
10, 52.086395, 5.161640, 2018-03-15T23:00:00, 270.8832, 101
10, 52.086395, 5.161640, 2018-03-15T23:00:00, 90.88322, 35
11, 52.084271, 5.161633, 2018-03-15T00:00:00, 281.8979, 25
11, 52.084271, 5.161633, 2018-03-15T00:00:00, 101.8979, 35
11, 52.084271, 5.161633, 2018-03-15T01:00:00, 281.8979, 18
11, 52.084271, 5.161633, 2018-03-15T01:00:00, 101.8979, 19
11, 52.084271, 5.161633, 2018-03-15T02:00:00, 281.8979, 4
11, 52.084271, 5.161633, 2018-03-15T02:00:00, 101.8979, 8
11, 52.084271, 5.161633, 2018-03-15T03:00:00, 281.8979, 1
11, 52.084271, 5.161633, 2018-03-15T03:00:00, 101.8979, 4
11, 52.084271, 5.161633, 2018-03-15T04:00:00, 281.8979, 1
11, 52.084271, 5.161633, 2018-03-15T04:00:00, 101.8979, 4
11, 52.084271, 5.161633, 2018-03-15T05:00:00, 281.8979, 0
11, 52.084271, 5.161633, 2018-03-15T05:00:00, 101.8979, 9
11, 52.084271, 5.161633, 2018-03-15T06:00:00, 281.8979, 18
11, 52.084271, 5.161633, 2018-03-15T06:00:00, 101.8979, 62
11, 52.084271, 5.161633, 2018-03-15T07:00:00, 281.8979, 89
11, 52.084271, 5.161633, 2018-03-15T07:00:00, 101.8979, 618
11, 52.084271, 5.161633, 2018-03-15T08:00:00, 281.8979, 201
11, 52.084271, 5.161633, 2018-03-15T08:00:00, 101.8979, 1674
11, 52.084271, 5.161633, 2018-03-15T09:00:00, 281.8979, 107
11, 52.084271, 5.161633, 2018-03-15T09:00:00, 101.8979, 1019
11, 52.084271, 5.161633, 2018-03-15T10:00:00, 281.8979, 166
11, 52.084271, 5.161633, 2018-03-15T10:00:00, 101.8979, 657
11, 52.084271, 5.161633, 2018-03-15T11:00:00, 281.8979, 202
11, 52.084271, 5.161633, 2018-03-15T11:00:00, 101.8979, 340
11, 52.084271, 5.161633, 2018-03-15T12:00:00, 281.8979, 381
11, 52.084271, 5.161633, 2018-03-15T12:00:00, 101.8979, 367
11, 52.084271, 5.161633, 2018-03-15T13:00:00, 281.8979, 354
11, 52.084271, 5.161633, 2018-03-15T13:00:00, 101.8979, 431
11, 52.084271, 5.161633, 2018-03-15T14:00:00, 281.8979, 401
11, 52.084271, 5.161633, 2018-03-15T14:00:00, 101.8979, 239
11, 52.084271, 5.161633, 2018-03-15T15:00:00, 281.8979, 632
11, 52.084271, 5.161633, 2018-03-15T15:00:00, 101.8979, 273
11, 52.084271, 5.161633, 2018-03-15T16:00:00, 281.8979, 940
11, 52.084271, 5.161633, 2018-03-15T16:00:00, 101.8979, 192
11, 52.084271, 5.161633, 2018-03-15T17:00:00, 281.8979, 1323
11, 52.084271, 5.161633, 2018-03-15T17:00:00, 101.8979, 257
11, 52.084271, 5.161633, 2018-03-15T18:00:00, 281.8979, 724
11, 52.084271, 5.161633, 2018-03-15T18:00:00, 101.8979, 175
11, 52.084271, 5.161633, 2018-03-15T19:00:00, 281.8979, 325
11, 52.084271, 5.161633, 2018-03-15T19:00:00, 101.8979, 126
11, 52.084271, 5.161633, 2018-03-15T20:00:00, 281.8979, 178
11, 52.084271, 5.161633, 2018-03-15T20:00:00, 101.8979, 61
11, 52.084271, 5.161633, 2018-03-15T21:00:00, 281.8979, 192
11, 52.084271, 5.161633, 2018-03-15T21:00:00, 101.8979, 66
11, 52.084271, 5.161633, 2018-03-15T22:00:00, 281.8979, 107
11, 52.084271, 5.161633, 2018-03-15T22:00:00, 101.8979, 73
11, 52.084271, 5.161633, 2018-03-15T23:00:00, 281.8979, 65
11, 52.084271, 5.161633, 2018-03-15T23:00:00, 101.8979, 53
12, 52.106755, 5.107287, 2018-03-15T00:00:00, 152.1532, 3
12, 52.106755, 5.107287, 2018-03-15T00:00:00, 332.1532, 7
12, 52.106755, 5.107287, 2018-03-15T01:00:00, 152.1532, 3
12, 52.106755, 5.107287, 2018-03-15T01:00:00, 332.1532, 3
12, 52.106755, 5.107287, 2018-03-15T02:00:00, 152.1532, 2
12, 52.106755, 5.107287, 2018-03-15T02:00:00, 332.1532, 1
12, 52.106755, 5.107287, 2018-03-15T03:00:00, 152.1532, 1
12, 52.106755, 5.107287, 2018-03-15T03:00:00, 332.1532, 3
12, 52.106755, 5.107287, 2018-03-15T04:00:00, 152.1532, 3
12, 52.106755, 5.107287, 2018-03-15T04:00:00, 332.1532, 0
12, 52.106755, 5.107287, 2018-03-15T05:00:00, 152.1532, 7
12, 52.106755, 5.107287, 2018-03-15T05:00:00, 332.1532, 2
12, 52.106755, 5.107287, 2018-03-15T06:00:00, 152.1532, 21
12, 52.106755, 5.107287, 2018-03-15T06:00:00, 332.1532, 17
12, 52.106755, 5.107287, 2018-03-15T07:00:00, 152.1532, 72
12, 52.106755, 5.107287, 2018-03-15T07:00:00, 332.1532, 40
12, 52.106755, 5.107287, 2018-03-15T08:00:00, 152.1532, 133
12, 52.106755, 5.107287, 2018-03-15T08:00:00, 332.1532, 82
12, 52.106755, 5.107287, 2018-03-15T09:00:00, 152.1532, 75
12, 52.106755, 5.107287, 2018-03-15T09:00:00, 332.1532, 49
12, 52.106755, 5.107287, 2018-03-15T10:00:00, 152.1532, 45
12, 52.106755, 5.107287, 2018-03-15T10:00:00, 332.1532, 38
12, 52.106755, 5.107287, 2018-03-15T11:00:00, 152.1532, 45
12, 52.106755, 5.107287, 2018-03-15T11:00:00, 332.1532, 39
12, 52.106755, 5.107287, 2018-03-15T12:00:00, 152.1532, 52
12, 52.106755, 5.107287, 2018-03-15T12:00:00, 332.1532, 32
12, 52.106755, 5.107287, 2018-03-15T13:00:00, 152.1532, 41
12, 52.106755, 5.107287, 2018-03-15T13:00:00, 332.1532, 44
12, 52.106755, 5.107287, 2018-03-15T14:00:00, 152.1532, 28
12, 52.106755, 5.107287, 2018-03-15T14:00:00, 332.1532, 56
12, 52.106755, 5.107287, 2018-03-15T15:00:00, 152.1532, 53
12, 52.106755, 5.107287, 2018-03-15T15:00:00, 332.1532, 57
12, 52.106755, 5.107287, 2018-03-15T16:00:00, 152.1532, 75
12, 52.106755, 5.107287, 2018-03-15T16:00:00, 332.1532, 82
12, 52.106755, 5.107287, 2018-03-15T17:00:00, 152.1532, 88
12, 52.106755, 5.107287, 2018-03-15T17:00:00, 332.1532, 112
12, 52.106755, 5.107287, 2018-03-15T18:00:00, 152.1532, 51
12, 52.106755, 5.107287, 2018-03-15T18:00:00, 332.1532, 93
12, 52.106755, 5.107287, 2018-03-15T19:00:00, 152.1532, 37
12, 52.106755, 5.107287, 2018-03-15T19:00:00, 332.1532, 71
12, 52.106755, 5.107287, 2018-03-15T20:00:00, 152.1532, 30
12, 52.106755, 5.107287, 2018-03-15T20:00:00, 332.1532, 39
12, 52.106755, 5.107287, 2018-03-15T21:00:00, 152.1532, 24
12, 52.106755, 5.107287, 2018-03-15T21:00:00, 332.1532, 33
12, 52.106755, 5.107287, 2018-03-15T22:00:00, 152.1532, 28
12, 52.106755, 5.107287, 2018-03-15T22:00:00, 332.1532, 34
12, 52.106755, 5.107287, 2018-03-15T23:00:00, 152.1532, 15
12, 52.106755, 5.107287, 2018-03-15T23:00:00, 332.1532, 21
13, 52.087174, 5.078735, 2018-03-15T00:00:00, 90, 3
13, 52.087174, 5.078735, 2018-03-15T00:00:00, 270, 20
13, 52.087174, 5.078735, 2018-03-15T01:00:00, 90, 3
13, 52.087174, 5.078735, 2018-03-15T01:00:00, 270, 2
13, 52.087174, 5.078735, 2018-03-15T02:00:00, 90, 1
13, 52.087174, 5.078735, 2018-03-15T02:00:00, 270, 2
13, 52.087174, 5.078735, 2018-03-15T03:00:00, 90, 0
13, 52.087174, 5.078735, 2018-03-15T03:00:00, 270, 1
13, 52.087174, 5.078735, 2018-03-15T04:00:00, 90, 0
13, 52.087174, 5.078735, 2018-03-15T04:00:00, 270, 1
13, 52.087174, 5.078735, 2018-03-15T05:00:00, 90, 4
13, 52.087174, 5.078735, 2018-03-15T05:00:00, 270, 4
13, 52.087174, 5.078735, 2018-03-15T06:00:00, 90, 60
13, 52.087174, 5.078735, 2018-03-15T06:00:00, 270, 10
13, 52.087174, 5.078735, 2018-03-15T07:00:00, 90, 312
13, 52.087174, 5.078735, 2018-03-15T07:00:00, 270, 121
13, 52.087174, 5.078735, 2018-03-15T08:00:00, 90, 579
13, 52.087174, 5.078735, 2018-03-15T08:00:00, 270, 274
13, 52.087174, 5.078735, 2018-03-15T09:00:00, 90, 144
13, 52.087174, 5.078735, 2018-03-15T09:00:00, 270, 78
13, 52.087174, 5.078735, 2018-03-15T10:00:00, 90, 70
13, 52.087174, 5.078735, 2018-03-15T10:00:00, 270, 79
13, 52.087174, 5.078735, 2018-03-15T11:00:00, 90, 67
13, 52.087174, 5.078735, 2018-03-15T11:00:00, 270, 64
13, 52.087174, 5.078735, 2018-03-15T12:00:00, 90, 71
13, 52.087174, 5.078735, 2018-03-15T12:00:00, 270, 84
13, 52.087174, 5.078735, 2018-03-15T13:00:00, 90, 96
13, 52.087174, 5.078735, 2018-03-15T13:00:00, 270, 177
13, 52.087174, 5.078735, 2018-03-15T14:00:00, 90, 139
13, 52.087174, 5.078735, 2018-03-15T14:00:00, 270, 136
13, 52.087174, 5.078735, 2018-03-15T15:00:00, 90, 170
13, 52.087174, 5.078735, 2018-03-15T15:00:00, 270, 157
13, 52.087174, 5.078735, 2018-03-15T16:00:00, 90, 156
13, 52.087174, 5.078735, 2018-03-15T16:00:00, 270, 185
13, 52.087174, 5.078735, 2018-03-15T17:00:00, 90, 171
13, 52.087174, 5.078735, 2018-03-15T17:00:00, 270, 324
13, 52.087174, 5.078735, 2018-03-15T18:00:00, 90, 109
13, 52.087174, 5.078735, 2018-03-15T18:00:00, 270, 205
13, 52.087174, 5.078735, 2018-03-15T19:00:00, 90, 62
13, 52.087174, 5.078735, 2018-03-15T19:00:00, 270, 99
13, 52.087174, 5.078735, 2018-03-15T20:00:00, 90, 48
13, 52.087174, 5.078735, 2018-03-15T20:00:00, 270, 76
13, 52.087174, 5.078735, 2018-03-15T21:00:00, 90, 30
13, 52.087174, 5.078735, 2018-03-15T21:00:00, 270, 83
13, 52.087174, 5.078735, 2018-03-15T22:00:00, 90, 30
13, 52.087174, 5.078735, 2018-03-15T22:00:00, 270, 51
13, 52.087174, 5.078735, 2018-03-15T23:00:00, 90, 28
13, 52.087174, 5.078735, 2018-03-15T23:00:00, 270, 35
14, 52.094218, 5.104782, 2018-03-15T00:00:00, 125.1041, 1
14, 52.094218, 5.104782, 2018-03-15T00:00:00, 344.8744, 5
14, 52.094218, 5.104782, 2018-03-15T01:00:00, 125.1041, 1
14, 52.094218, 5.104782, 2018-03-15T01:00:00, 344.8744, 0
14, 52.094218, 5.104782, 2018-03-15T02:00:00, 125.1041, 0
14, 52.094218, 5.104782, 2018-03-15T02:00:00, 344.8744, 0
14, 52.094218, 5.104782, 2018-03-15T03:00:00, 125.1041, 0
14, 52.094218, 5.104782, 2018-03-15T03:00:00, 344.8744, 1
14, 52.094218, 5.104782, 2018-03-15T04:00:00, 125.1041, 0
14, 52.094218, 5.104782, 2018-03-15T04:00:00, 344.8744, 1
14, 52.094218, 5.104782, 2018-03-15T05:00:00, 125.1041, 0
14, 52.094218, 5.104782, 2018-03-15T05:00:00, 344.8744, 2
14, 52.094218, 5.104782, 2018-03-15T06:00:00, 125.1041, 0
14, 52.094218, 5.104782, 2018-03-15T06:00:00, 344.8744, 20
14, 52.094218, 5.104782, 2018-03-15T07:00:00, 125.1041, 0
14, 52.094218, 5.104782, 2018-03-15T07:00:00, 344.8744, 106
14, 52.094218, 5.104782, 2018-03-15T08:00:00, 125.1041, 3
14, 52.094218, 5.104782, 2018-03-15T08:00:00, 344.8744, 253
14, 52.094218, 5.104782, 2018-03-15T09:00:00, 125.1041, 0
14, 52.094218, 5.104782, 2018-03-15T09:00:00, 344.8744, 85
14, 52.094218, 5.104782, 2018-03-15T10:00:00, 125.1041, 0
14, 52.094218, 5.104782, 2018-03-15T10:00:00, 344.8744, 52
14, 52.094218, 5.104782, 2018-03-15T11:00:00, 125.1041, 1
14, 52.094218, 5.104782, 2018-03-15T11:00:00, 344.8744, 38
14, 52.094218, 5.104782, 2018-03-15T12:00:00, 125.1041, 2
14, 52.094218, 5.104782, 2018-03-15T12:00:00, 344.8744, 45
14, 52.094218, 5.104782, 2018-03-15T13:00:00, 125.1041, 5
14, 52.094218, 5.104782, 2018-03-15T13:00:00, 344.8744, 51
14, 52.094218, 5.104782, 2018-03-15T14:00:00, 125.1041, 5
14, 52.094218, 5.104782, 2018-03-15T14:00:00, 344.8744, 42
14, 52.094218, 5.104782, 2018-03-15T15:00:00, 125.1041, 6
14, 52.094218, 5.104782, 2018-03-15T15:00:00, 344.8744, 49
14, 52.094218, 5.104782, 2018-03-15T16:00:00, 125.1041, 5
14, 52.094218, 5.104782, 2018-03-15T16:00:00, 344.8744, 52
14, 52.094218, 5.104782, 2018-03-15T17:00:00, 125.1041, 10
14, 52.094218, 5.104782, 2018-03-15T17:00:00, 344.8744, 84
14, 52.094218, 5.104782, 2018-03-15T18:00:00, 125.1041, 8
14, 52.094218, 5.104782, 2018-03-15T18:00:00, 344.8744, 63
14, 52.094218, 5.104782, 2018-03-15T19:00:00, 125.1041, 3
14, 52.094218, 5.104782, 2018-03-15T19:00:00, 344.8744, 38
14, 52.094218, 5.104782, 2018-03-15T20:00:00, 125.1041, 0
14, 52.094218, 5.104782, 2018-03-15T20:00:00, 344.8744, 27
14, 52.094218, 5.104782, 2018-03-15T21:00:00, 125.1041, 2
14, 52.094218, 5.104782, 2018-03-15T21:00:00, 344.8744, 21
14, 52.094218, 5.104782, 2018-03-15T22:00:00, 125.1041, 4
14, 52.094218, 5.104782, 2018-03-15T22:00:00, 344.8744, 16
14, 52.094218, 5.104782, 2018-03-15T23:00:00, 125.1041, 3
14, 52.094218, 5.104782, 2018-03-15T23:00:00, 344.8744, 11
15, 52.102845, 5.133474, 2018-03-15T00:00:00, 282.9256, 4
15, 52.102845, 5.133474, 2018-03-15T00:00:00, 103.9878, 8
15, 52.102845, 5.133474, 2018-03-15T01:00:00, 282.9256, 1
15, 52.102845, 5.133474, 2018-03-15T01:00:00, 103.9878, 2
15, 52.102845, 5.133474, 2018-03-15T02:00:00, 282.9256, 0
15, 52.102845, 5.133474, 2018-03-15T02:00:00, 103.9878, 4
15, 52.102845, 5.133474, 2018-03-15T03:00:00, 282.9256, 4
15, 52.102845, 5.133474, 2018-03-15T03:00:00, 103.9878, 1
15, 52.102845, 5.133474, 2018-03-15T04:00:00, 282.9256, 4
15, 52.102845, 5.133474, 2018-03-15T04:00:00, 103.9878, 3
15, 52.102845, 5.133474, 2018-03-15T05:00:00, 282.9256, 2
15, 52.102845, 5.133474, 2018-03-15T05:00:00, 103.9878, 4
15, 52.102845, 5.133474, 2018-03-15T06:00:00, 282.9256, 11
15, 52.102845, 5.133474, 2018-03-15T06:00:00, 103.9878, 10
15, 52.102845, 5.133474, 2018-03-15T07:00:00, 282.9256, 94
15, 52.102845, 5.133474, 2018-03-15T07:00:00, 103.9878, 29
15, 52.102845, 5.133474, 2018-03-15T08:00:00, 282.9256, 176
15, 52.102845, 5.133474, 2018-03-15T08:00:00, 103.9878, 49
15, 52.102845, 5.133474, 2018-03-15T09:00:00, 282.9256, 71
15, 52.102845, 5.133474, 2018-03-15T09:00:00, 103.9878, 24
15, 52.102845, 5.133474, 2018-03-15T10:00:00, 282.9256, 51
15, 52.102845, 5.133474, 2018-03-15T10:00:00, 103.9878, 22
15, 52.102845, 5.133474, 2018-03-15T11:00:00, 282.9256, 44
15, 52.102845, 5.133474, 2018-03-15T11:00:00, 103.9878, 26
15, 52.102845, 5.133474, 2018-03-15T12:00:00, 282.9256, 38
15, 52.102845, 5.133474, 2018-03-15T12:00:00, 103.9878, 43
15, 52.102845, 5.133474, 2018-03-15T13:00:00, 282.9256, 22
15, 52.102845, 5.133474, 2018-03-15T13:00:00, 103.9878, 46
15, 52.102845, 5.133474, 2018-03-15T14:00:00, 282.9256, 34
15, 52.102845, 5.133474, 2018-03-15T14:00:00, 103.9878, 68
15, 52.102845, 5.133474, 2018-03-15T15:00:00, 282.9256, 60
15, 52.102845, 5.133474, 2018-03-15T15:00:00, 103.9878, 107
15, 52.102845, 5.133474, 2018-03-15T16:00:00, 282.9256, 43
15, 52.102845, 5.133474, 2018-03-15T16:00:00, 103.9878, 87
15, 52.102845, 5.133474, 2018-03-15T17:00:00, 282.9256, 49
15, 52.102845, 5.133474, 2018-03-15T17:00:00, 103.9878, 143
15, 52.102845, 5.133474, 2018-03-15T18:00:00, 282.9256, 34
15, 52.102845, 5.133474, 2018-03-15T18:00:00, 103.9878, 73
15, 52.102845, 5.133474, 2018-03-15T19:00:00, 282.9256, 34
15, 52.102845, 5.133474, 2018-03-15T19:00:00, 103.9878, 53
15, 52.102845, 5.133474, 2018-03-15T20:00:00, 282.9256, 17
15, 52.102845, 5.133474, 2018-03-15T20:00:00, 103.9878, 29
15, 52.102845, 5.133474, 2018-03-15T21:00:00, 282.9256, 15
15, 52.102845, 5.133474, 2018-03-15T21:00:00, 103.9878, 22
15, 52.102845, 5.133474, 2018-03-15T22:00:00, 282.9256, 20
15, 52.102845, 5.133474, 2018-03-15T22:00:00, 103.9878, 13
15, 52.102845, 5.133474, 2018-03-15T23:00:00, 282.9256, 9
15, 52.102845, 5.133474, 2018-03-15T23:00:00, 103.9878, 22
