1, 52.079037, 5.081251, 2018-03-14T00:00:00Z, 71.83128, 12
1, 52.079037, 5.081251, 2018-03-14T00:00:00Z, 251.8313, 8
1, 52.079037, 5.081251, 2018-03-14T01:00:00Z, 71.83128, 1
1, 52.079037, 5.081251, 2018-03-14T01:00:00Z, 251.8313, 2
1, 52.079037, 5.081251, 2018-03-14T02:00:00Z, 71.83128, 3
1, 52.079037, 5.081251, 2018-03-14T02:00:00Z, 251.8313, 2
1, 52.079037, 5.081251, 2018-03-14T03:00:00Z, 71.83128, 1
1, 52.079037, 5.081251, 2018-03-14T03:00:00Z, 251.8313, 5
1, 52.079037, 5.081251, 2018-03-14T04:00:00Z, 71.83128, 6
1, 52.079037, 5.081251, 2018-03-14T04:00:00Z, 251.8313, 0
1, 52.079037, 5.081251, 2018-03-14T05:00:00Z, 71.83128, 4
1, 52.079037, 5.081251, 2018-03-14T05:00:00Z, 251.8313, 15
1, 52.079037, 5.081251, 2018-03-14T06:00:00Z, 71.83128, 51
1, 52.079037, 5.081251, 2018-03-14T06:00:00Z, 251.8313, 26
1, 52.079037, 5.081251, 2018-03-14T07:00:00Z, 71.83128, 194
1, 52.079037, 5.081251, 2018-03-14T07:00:00Z, 251.8313, 83
1, 52.079037, 5.081251, 2018-03-14T08:00:00Z, 71.83128, 296
1, 52.079037, 5.081251, 2018-03-14T08:00:00Z, 251.8313, 182
1, 52.079037, 5.081251, 2018-03-14T09:00:00Z, 71.83128, 108
1, 52.079037, 5.081251, 2018-03-14T09:00:00Z, 251.8313, 72
1, 52.079037, 5.081251, 2018-03-14T10:00:00Z, 71.83128, 74
1, 52.079037, 5.081251, 2018-03-14T10:00:00Z, 251.8313, 44
1, 52.079037, 5.081251, 2018-03-14T11:00:00Z, 71.83128, 66
1, 52.079037, 5.081251, 2018-03-14T11:00:00Z, 251.8313, 60
1, 52.079037, 5.081251, 2018-03-14T12:00:00Z, 71.83128, 62
1, 52.079037, 5.081251, 2018-03-14T12:00:00Z, 251.8313, 86
1, 52.079037, 5.081251, 2018-03-14T13:00:00Z, 71.83128, 45
1, 52.079037, 5.081251, 2018-03-14T13:00:00Z, 251.8313, 91
1, 52.079037, 5.081251, 2018-03-14T14:00:00Z, 71.83128, 55
1, 52.079037, 5.081251, 2018-03-14T14:00:00Z, 251.8313, 130
1, 52.079037, 5.081251, 2018-03-14T15:00:00Z, 71.83128, 79
1, 52.079037, 5.081251, 2018-03-14T15:00:00Z, 251.8313, 142
1, 52.079037, 5.081251, 2018-03-14T16:00:00Z, 71.83128, 101
1, 52.079037, 5.081251, 2018-03-14T16:00:00Z, 251.8313, 177
1, 52.079037, 5.081251, 2018-03-14T17:00:00Z, 71.83128, 135
1, 52.079037, 5.081251, 2018-03-14T17:00:00Z, 251.8313, 250
1, 52.079037, 5.081251, 2018-03-14T18:00:00Z, 71.83128, 86
1, 52.079037, 5.081251, 2018-03-14T18:00:00Z, 251.8313, 112
1, 52.079037, 5.081251, 2018-03-14T19:00:00Z, 71.83128, 47
1, 52.079037, 5.081251, 2018-03-14T19:00:00Z, 251.8313, 46
1, 52.079037, 5.081251, 2018-03-14T20:00:00Z, 71.83128, 36
1, 52.079037, 5.081251, 2018-03-14T20:00:00Z, 251.8313, 27
1, 52.079037, 5.081251, 2018-03-14T21:00:00Z, 71.83128, 28
1, 52.079037, 5.081251, 2018-03-14T21:00:00Z, 251.8313, 22
1, 52.079037, 5.081251, 2018-03-14T22:00:00Z, 71.83128, 13
1, 52.079037, 5.081251, 2018-03-14T22:00:00Z, 251.8313, 30
1, 52.079037, 5.081251, 2018-03-14T23:00:00Z, 71.83128, 23
1, 52.079037, 5.081251, 2018-03-14T23:00:00Z, 251.8313, 23
2, 52.097668, 5.077241, 2018-03-14T00:00:00Z, 97.79801, 22
2, 52.097668, 5.077241, 2018-03-14T00:00:00Z, 277.798, 20
2, 52.097668, 5.077241, 2018-03-14T01:00:00Z, 97.79801, 11
2, 52.097668, 5.077241, 2018-03-14T01:00:00Z, 277.798, 7
2, 52.097668, 5.077241, 2018-03-14T02:00:00Z, 97.79801, 11
2, 52.097668, 5.077241, 2018-03-14T02:00:00Z, 277.798, 5
2, 52.097668, 5.077241, 2018-03-14T03:00:00Z, 97.79801, 10
2, 52.097668, 5.077241, 2018-03-14T03:00:00Z, 277.798, 12
2, 52.097668, 5.077241, 2018-03-14T04:00:00Z, 97.79801, 11
2, 52.097668, 5.077241, 2018-03-14T04:00:00Z, 277.798, 9
2, 52.097668, 5.077241, 2018-03-14T05:00:00Z, 97.79801, 20
2, 52.097668, 5.077241, 2018-03-14T05:00:00Z, 277.798, 46
2, 52.097668, 5.077241, 2018-03-14T06:00:00Z, 97.79801, 90
2, 52.097668, 5.077241, 2018-03-14T06:00:00Z, 277.798, 80
2, 52.097668, 5.077241, 2018-03-14T07:00:00Z, 97.79801, 298
2, 52.097668, 5.077241, 2018-03-14T07:00:00Z, 277.798, 248
2, 52.097668, 5.077241, 2018-03-14T08:00:00Z, 97.79801, 498
2, 52.097668, 5.077241, 2018-03-14T08:00:00Z, 277.798, 476
2, 52.097668, 5.077241, 2018-03-14T09:00:00Z, 97.79801, 213
2, 52.097668, 5.077241, 2018-03-14T09:00:00Z, 277.798, 186
2, 52.097668, 5.077241, 2018-03-14T10:00:00Z, 97.79801, 149
2, 52.097668, 5.077241, 2018-03-14T10:00:00Z, 277.798, 126
2, 52.097668, 5.077241, 2018-03-14T11:00:00Z, 97.79801, 150
2, 52.097668, 5.077241, 2018-03-14T11:00:00Z, 277.798, 108
2, 52.097668, 5.077241, 2018-03-14T12:00:00Z, 97.79801, 147
2, 52.097668, 5.077241, 2018-03-14T12:00:00Z, 277.798, 142
2, 52.097668, 5.077241, 2018-03-14T13:00:00Z, 97.79801, 201
2, 52.097668, 5.077241, 2018-03-14T13:00:00Z, 277.798, 172
2, 52.097668, 5.077241, 2018-03-14T14:00:00Z, 97.79801, 246
2, 52.097668, 5.077241, 2018-03-14T14:00:00Z, 277.798, 216
2, 52.097668, 5.077241, 2018-03-14T15:00:00Z, 97.79801, 277
2, 52.097668, 5.077241, 2018-03-14T15:00:00Z, 277.798, 231
2, 52.097668, 5.077241, 2018-03-14T16:00:00Z, 97.79801, 309
2, 52.097668, 5.077241, 2018-03-14T16:00:00Z, 277.798, 289
2, 52.097668, 5.077241, 2018-03-14T17:00:00Z, 97.79801, 388
2, 52.097668, 5.077241, 2018-03-14T17:00:00Z, 277.798, 357
2, 52.097668, 5.077241, 2018-03-14T18:00:00Z, 97.79801, 215
2, 52.097668, 5.077241, 2018-03-14T18:00:00Z, 277.798, 272
2, 52.097668, 5.077241, 2018-03-14T19:00:00Z, 97.79801, 143
2, 52.097668, 5.077241, 2018-03-14T19:00:00Z, 277.798, 173
2, 52.097668, 5.077241, 2018-03-14T20:00:00Z, 97.79801, 99
2, 52.097668, 5.077241, 2018-03-14T20:00:00Z, 277.798, 116
2, 52.097668, 5.077241, 2018-03-14T21:00:00Z, 97.79801, 88
2, 52.097668, 5.077241, 2018-03-14T21:00:00Z, 277.798, 86
2, 52.097668, 5.077241, 2018-03-14T22:00:00Z, 97.79801, 108
2, 52.097668, 5.077241, 2018-03-14T22:00:00Z, 277.798, 116
2, 52.097668, 5.077241, 2018-03-14T23:00:00Z, 97.79801, 55
2, 52.097668, 5.077241, 2018-03-14T23:00:00Z, 277.798, 57
3, 52.071706, 5.110506, 2018-03-14T00:00:00Z, 350.934, 14
3, 52.071706, 5.110506, 2018-03-14T00:00:00Z, 170.934, 5
3, 52.071706, 5.110506, 2018-03-14T01:00:00Z, 350.934, 3
3, 52.071706, 5.110506, 2018-03-14T01:00:00Z, 170.934, 4
3, 52.071706, 5.110506, 2018-03-14T02:00:00Z, 350.934, 1
3, 52.071706, 5.110506, 2018-03-14T02:00:00Z, 170.934, 3
3, 52.071706, 5.110506, 2018-03-14T03:00:00Z, 350.934, 3
3, 52.071706, 5.110506, 2018-03-14T03:00:00Z, 170.934, 3
3, 52.071706, 5.110506, 2018-03-14T04:00:00Z, 350.934, 8
3, 52.071706, 5.110506, 2018-03-14T04:00:00Z, 170.934, 4
3, 52.071706, 5.110506, 2018-03-14T05:00:00Z, 350.934, 7
3, 52.071706, 5.110506, 2018-03-14T05:00:00Z, 170.934, 17
3, 52.071706, 5.110506, 2018-03-14T06:00:00Z, 350.934, 33
3, 52.071706, 5.110506, 2018-03-14T06:00:00Z, 170.934, 77
3, 52.071706, 5.110506, 2018-03-14T07:00:00Z, 350.934, 158
3, 52.071706, 5.110506, 2018-03-14T07:00:00Z, 170.934, 249
3, 52.071706, 5.110506, 2018-03-14T08:00:00Z, 350.934, 334
3, 52.071706, 5.110506, 2018-03-14T08:00:00Z, 170.934, 339
3, 52.071706, 5.110506, 2018-03-14T09:00:00Z, 350.934, 133
3, 52.071706, 5.110506, 2018-03-14T09:00:00Z, 170.934, 160
3, 52.071706, 5.110506, 2018-03-14T10:00:00Z, 350.934, 64
3, 52.071706, 5.110506, 2018-03-14T10:00:00Z, 170.934, 85
3, 52.071706, 5.110506, 2018-03-14T11:00:00Z, 350.934, 94
3, 52.071706, 5.110506, 2018-03-14T11:00:00Z, 170.934, 101
3, 52.071706, 5.110506, 2018-03-14T12:00:00Z, 350.934, 108
3, 52.071706, 5.110506, 2018-03-14T12:00:00Z, 170.934, 126
3, 52.071706, 5.110506, 2018-03-14T13:00:00Z, 350.934, 116
3, 52.071706, 5.110506, 2018-03-14T13:00:00Z, 170.934, 116
3, 52.071706, 5.110506, 2018-03-14T14:00:00Z, 350.934, 114
3, 52.071706, 5.110506, 2018-03-14T14:00:00Z, 170.934, 111
3, 52.071706, 5.110506, 2018-03-14T15:00:00Z, 350.934, 172
3, 52.071706, 5.110506, 2018-03-14T15:00:00Z, 170.934, 153
3, 52.071706, 5.110506, 2018-03-14T16:00:00Z, 350.934, 213
3, 52.071706, 5.110506, 2018-03-14T16:00:00Z, 170.934, 244
3, 52.071706, 5.110506, 2018-03-14T17:00:00Z, 350.934, 325
3, 52.071706, 5.110506, 2018-03-14T17:00:00Z, 170.934, 388
3, 52.071706, 5.110506, 2018-03-14T18:00:00Z, 350.934, 221
3, 52.071706, 5.110506, 2018-03-14T18:00:00Z, 170.934, 191
3, 52.071706, 5.110506, 2018-03-14T19:00:00Z, 350.934, 162
3, 52.071706, 5.110506, 2018-03-14T19:00:00Z, 170.934, 137
3, 52.071706, 5.110506, 2018-03-14T20:00:00Z, 350.934, 100
3, 52.071706, 5.110506, 2018-03-14T20:00:00Z, 170.934, 83
3, 52.071706, 5.110506, 2018-03-14T21:00:00Z, 350.934, 69
3, 52.071706, 5.110506, 2018-03-14T21:00:00Z, 170.934, 51
3, 52.071706, 5.110506, 2018-03-14T22:00:00Z, 350.934, 67
3, 52.071706, 5.110506, 2018-03-14T22:00:00Z, 170.934, 44
3, 52.071706, 5.110506, 2018-03-14T23:00:00Z, 350.934, 44
3, 52.071706, 5.110506, 2018-03-14T23:00:00Z, 170.934, 11
4, 52.092970, 5.113132, 2018-03-14T00:00:00Z, 79.36446, 171
4, 52.092970, 5.113132, 2018-03-14T00:00:00Z, 259.3645, 193
4, 52.092970, 5.113132, 2018-03-14T01:00:00Z, 79.36446, 59
4, 52.092970, 5.113132, 2018-03-14T01:00:00Z, 259.3645, 102
4, 52.092970, 5.113132, 2018-03-14T02:00:00Z, 79.36446, 20
4, 52.092970, 5.113132, 2018-03-14T02:00:00Z, 259.3645, 100
4, 52.092970, 5.113132, 2018-03-14T03:00:00Z, 79.36446, 11
4, 52.092970, 5.113132, 2018-03-14T03:00:00Z, 259.3645, 102
4, 52.092970, 5.113132, 2018-03-14T04:00:00Z, 79.36446, 22
4, 52.092970, 5.113132, 2018-03-14T04:00:00Z, 259.3645, 72
4, 52.092970, 5.113132, 2018-03-14T05:00:00Z, 79.36446, 24
4, 52.092970, 5.113132, 2018-03-14T05:00:00Z, 259.3645, 73
4, 52.092970, 5.113132, 2018-03-14T06:00:00Z, 79.36446, 115
4, 52.092970, 5.113132, 2018-03-14T06:00:00Z, 259.3645, 305
4, 52.092970, 5.113132, 2018-03-14T07:00:00Z, 79.36446, 581
4, 52.092970, 5.113132, 2018-03-14T07:00:00Z, 259.3645, 1135
4, 52.092970, 5.113132, 2018-03-14T08:00:00Z, 79.36446, 1554
4, 52.092970, 5.113132, 2018-03-14T08:00:00Z, 259.3645, 1481
4, 52.092970, 5.113132, 2018-03-14T09:00:00Z, 79.36446, 997
4, 52.092970, 5.113132, 2018-03-14T09:00:00Z, 259.3645, 731
4, 52.092970, 5.113132, 2018-03-14T10:00:00Z, 79.36446, 891
4, 52.092970, 5.113132, 2018-03-14T10:00:00Z, 259.3645, 616
4, 52.092970, 5.113132, 2018-03-14T11:00:00Z, 79.36446, 709
4, 52.092970, 5.113132, 2018-03-14T11:00:00Z, 259.3645, 625
4, 52.092970, 5.113132, 2018-03-14T12:00:00Z, 79.36446, 886
4, 52.092970, 5.113132, 2018-03-14T12:00:00Z, 259.3645, 803
4, 52.092970, 5.113132, 2018-03-14T13:00:00Z, 79.36446, 864
4, 52.092970, 5.113132, 2018-03-14T13:00:00Z, 259.3645, 789
4, 52.092970, 5.113132, 2018-03-14T14:00:00Z, 79.36446, 838
4, 52.092970, 5.113132, 2018-03-14T14:00:00Z, 259.3645, 881
4, 52.092970, 5.113132, 2018-03-14T15:00:00Z, 79.36446, 837
4, 52.092970, 5.113132, 2018-03-14T15:00:00Z, 259.3645, 1028
4, 52.092970, 5.113132, 2018-03-14T16:00:00Z, 79.36446, 1047
4, 52.092970, 5.113132, 2018-03-14T16:00:00Z, 259.3645, 1325
4, 52.092970, 5.113132, 2018-03-14T17:00:00Z, 79.36446, 1590
4, 52.092970, 5.113132, 2018-03-14T17:00:00Z, 259.3645, 1780
4, 52.092970, 5.113132, 2018-03-14T18:00:00Z, 79.36446, 1677
4, 52.092970, 5.113132, 2018-03-14T18:00:00Z, 259.3645, 1265
4, 52.092970, 5.113132, 2018-03-14T19:00:00Z, 79.36446, 1106
4, 52.092970, 5.113132, 2018-03-14T19:00:00Z, 259.3645, 785
4, 52.092970, 5.113132, 2018-03-14T20:00:00Z, 79.36446, 668
4, 52.092970, 5.113132, 2018-03-14T20:00:00Z, 259.3645, 582
4, 52.092970, 5.113132, 2018-03-14T21:00:00Z, 79.36446, 531
4, 52.092970, 5.113132, 2018-03-14T21:00:00Z, 259.3645, 542
4, 52.092970, 5.113132, 2018-03-14T22:00:00Z, 79.36446, 503
4, 52.092970, 5.113132, 2018-03-14T22:00:00Z, 259.3645, 647
4, 52.092970, 5.113132, 2018-03-14T23:00:00Z, 79.36446, 351
4, 52.092970, 5.113132, 2018-03-14T23:00:00Z, 259.3645, 448
5, 52.095654, 5.108934, 2018-03-14T00:00:00Z, 145.1671, 42
5, 52.095654, 5.108934, 2018-03-14T00:00:00Z, 312.7548, 140
5, 52.095654, 5.108934, 2018-03-14T01:00:00Z, 145.1671, 25
5, 52.095654, 5.108934, 2018-03-14T01:00:00Z, 312.7548, 68
5, 52.095654, 5.108934, 2018-03-14T02:00:00Z, 145.1671, 8
5, 52.095654, 5.108934, 2018-03-14T02:00:00Z, 312.7548, 31
5, 52.095654, 5.108934, 2018-03-14T03:00:00Z, 145.1671, 9
5, 52.095654, 5.108934, 2018-03-14T03:00:00Z, 312.7548, 39
5, 52.095654, 5.108934, 2018-03-14T04:00:00Z, 145.1671, 14
5, 52.095654, 5.108934, 2018-03-14T04:00:00Z, 312.7548, 18
5, 52.095654, 5.108934, 2018-03-14T05:00:00Z, 145.1671, 59
5, 52.095654, 5.108934, 2018-03-14T05:00:00Z, 312.7548, 25
5, 52.095654, 5.108934, 2018-03-14T06:00:00Z, 145.1671, 287
5, 52.095654, 5.108934, 2018-03-14T06:00:00Z, 312.7548, 60
5, 52.095654, 5.108934, 2018-03-14T07:00:00Z, 145.1671, 1143
5, 52.095654, 5.108934, 2018-03-14T07:00:00Z, 312.7548, 172
5, 52.095654, 5.108934, 2018-03-14T08:00:00Z, 145.1671, 1525
5, 52.095654, 5.108934, 2018-03-14T08:00:00Z, 312.7548, 418
5, 52.095654, 5.108934, 2018-03-14T09:00:00Z, 145.1671, 759
5, 52.095654, 5.108934, 2018-03-14T09:00:00Z, 312.7548, 292
5, 52.095654, 5.108934, 2018-03-14T10:00:00Z, 145.1671, 533
5, 52.095654, 5.108934, 2018-03-14T10:00:00Z, 312.7548, 274
5, 52.095654, 5.108934, 2018-03-14T11:00:00Z, 145.1671, 424
5, 52.095654, 5.108934, 2018-03-14T11:00:00Z, 312.7548, 344
5, 52.095654, 5.108934, 2018-03-14T12:00:00Z, 145.1671, 443
5, 52.095654, 5.108934, 2018-03-14T12:00:00Z, 312.7548, 429
5, 52.095654, 5.108934, 2018-03-14T13:00:00Z, 145.1671, 440
5, 52.095654, 5.108934, 2018-03-14T13:00:00Z, 312.7548, 455
5, 52.095654, 5.108934, 2018-03-14T14:00:00Z, 145.1671, 459
5, 52.095654, 5.108934, 2018-03-14T14:00:00Z, 312.7548, 486
5, 52.095654, 5.108934, 2018-03-14T15:00:00Z, 145.1671, 464
5, 52.095654, 5.108934, 2018-03-14T15:00:00Z, 312.7548, 570
5, 52.095654, 5.108934, 2018-03-14T16:00:00Z, 145.1671, 463
5, 52.095654, 5.108934, 2018-03-14T16:00:00Z, 312.7548, 745
5, 52.095654, 5.108934, 2018-03-14T17:00:00Z, 145.1671, 588
5, 52.095654, 5.108934, 2018-03-14T17:00:00Z, 312.7548, 1167
5, 52.095654, 5.108934, 2018-03-14T18:00:00Z, 145.1671, 587
5, 52.095654, 5.108934, 2018-03-14T18:00:00Z, 312.7548, 1132
5, 52.095654, 5.108934, 2018-03-14T19:00:00Z, 145.1671, 464
5, 52.095654, 5.108934, 2018-03-14T19:00:00Z, 312.7548, 669
5, 52.095654, 5.108934, 2018-03-14T20:00:00Z, 145.1671, 331
5, 52.095654, 5.108934, 2018-03-14T20:00:00Z, 312.7548, 429
5, 52.095654, 5.108934, 2018-03-14T21:00:00Z, 145.1671, 287
5, 52.095654, 5.108934, 2018-03-14T21:00:00Z, 312.7548, 384
5, 52.095654, 5.108934, 2018-03-14T22:00:00Z, 145.1671, 210
5, 52.095654, 5.108934, 2018-03-14T22:00:00Z, 312.7548, 447
5, 52.095654, 5.108934, 2018-03-14T23:00:00Z, 145.1671, 118
5, 52.095654, 5.108934, 2018-03-14T23:00:00Z, 312.7548, 362
6, 52.092807, 5.127212, 2018-03-14T00:00:00Z, 274.2872, 111
6, 52.092807, 5.127212, 2018-03-14T00:00:00Z, 97.28838, 83
6, 52.092807, 5.127212, 2018-03-14T01:00:00Z, 274.2872, 41
6, 52.092807, 5.127212, 2018-03-14T01:00:00Z, 97.28838, 52
6, 52.092807, 5.127212, 2018-03-14T02:00:00Z, 274.2872, 57
6, 52.092807, 5.127212, 2018-03-14T02:00:00Z, 97.28838, 25
6, 52.092807, 5.127212, 2018-03-14T03:00:00Z, 274.2872, 52
6, 52.092807, 5.127212, 2018-03-14T03:00:00Z, 97.28838, 8
6, 52.092807, 5.127212, 2018-03-14T04:00:00Z, 274.2872, 66
6, 52.092807, 5.127212, 2018-03-14T04:00:00Z, 97.28838, 7
6, 52.092807, 5.127212, 2018-03-14T05:00:00Z, 274.2872, 20
6, 52.092807, 5.127212, 2018-03-14T05:00:00Z, 97.28838, 12
6, 52.092807, 5.127212, 2018-03-14T06:00:00Z, 274.2872, 76
6, 52.092807, 5.127212, 2018-03-14T06:00:00Z, 97.28838, 81
6, 52.092807, 5.127212, 2018-03-14T07:00:00Z, 274.2872, 402
6, 52.092807, 5.127212, 2018-03-14T07:00:00Z, 97.28838, 339
6, 52.092807, 5.127212, 2018-03-14T08:00:00Z, 274.2872, 1100
6, 52.092807, 5.127212, 2018-03-14T08:00:00Z, 97.28838, 527
6, 52.092807, 5.127212, 2018-03-14T09:00:00Z, 274.2872, 588
6, 52.092807, 5.127212, 2018-03-14T09:00:00Z, 97.28838, 381
6, 52.092807, 5.127212, 2018-03-14T10:00:00Z, 274.2872, 598
6, 52.092807, 5.127212, 2018-03-14T10:00:00Z, 97.28838, 405
6, 52.092807, 5.127212, 2018-03-14T11:00:00Z, 274.2872, 473
6, 52.092807, 5.127212, 2018-03-14T11:00:00Z, 97.28838, 400
6, 52.092807, 5.127212, 2018-03-14T12:00:00Z, 274.2872, 630
6, 52.092807, 5.127212, 2018-03-14T12:00:00Z, 97.28838, 453
6, 52.092807, 5.127212, 2018-03-14T13:00:00Z, 274.2872, 570
6, 52.092807, 5.127212, 2018-03-14T13:00:00Z, 97.28838, 531
6, 52.092807, 5.127212, 2018-03-14T14:00:00Z, 274.2872, 578
6, 52.092807, 5.127212, 2018-03-14T14:00:00Z, 97.28838, 476
6, 52.092807, 5.127212, 2018-03-14T15:00:00Z, 274.2872, 610
6, 52.092807, 5.127212, 2018-03-14T15:00:00Z, 97.28838, 628
6, 52.092807, 5.127212, 2018-03-14T16:00:00Z, 274.2872, 706
6, 52.092807, 5.127212, 2018-03-14T16:00:00Z, 97.28838, 734
6, 52.092807, 5.127212, 2018-03-14T17:00:00Z, 274.2872, 910
6, 52.092807, 5.127212, 2018-03-14T17:00:00Z, 97.28838, 935
6, 52.092807, 5.127212, 2018-03-14T18:00:00Z, 274.2872, 782
6, 52.092807, 5.127212, 2018-03-14T18:00:00Z, 97.28838, 653
6, 52.092807, 5.127212, 2018-03-14T19:00:00Z, 274.2872, 571
6, 52.092807, 5.127212, 2018-03-14T19:00:00Z, 97.28838, 492
6, 52.092807, 5.127212, 2018-03-14T20:00:00Z, 274.2872, 443
6, 52.092807, 5.127212, 2018-03-14T20:00:00Z, 97.28838, 293
6, 52.092807, 5.127212, 2018-03-14T21:00:00Z, 274.2872, 351
6, 52.092807, 5.127212, 2018-03-14T21:00:00Z, 97.28838, 269
6, 52.092807, 5.127212, 2018-03-14T22:00:00Z, 274.2872, 414
6, 52.092807, 5.127212, 2018-03-14T22:00:00Z, 97.28838, 283
6, 52.092807, 5.127212, 2018-03-14T23:00:00Z, 274.2872, 265
6, 52.092807, 5.127212, 2018-03-14T23:00:00Z, 97.28838, 129
7, 52.08631, 5.12921, 2018-03-14T00:00:00Z, 340.9441, 29
7, 52.08631, 5.12921, 2018-03-14T00:00:00Z, 160.9441, 44
7, 52.08631, 5.12921, 2018-03-14T01:00:00Z, 340.9441, 8
7, 52.08631, 5.12921, 2018-03-14T01:00:00Z, 160.9441, 29
7, 52.08631, 5.12921, 2018-03-14T02:00:00Z, 340.9441, 2
7, 52.08631, 5.12921, 2018-03-14T02:00:00Z, 160.9441, 24
7, 52.08631, 5.12921, 2018-03-14T03:00:00Z, 340.9441, 4
7, 52.08631, 5.12921, 2018-03-14T03:00:00Z, 160.9441, 19
7, 52.08631, 5.12921, 2018-03-14T04:00:00Z, 340.9441, 3
7, 52.08631, 5.12921, 2018-03-14T04:00:00Z, 160.9441, 12
7, 52.08631, 5.12921, 2018-03-14T05:00:00Z, 340.9441, 4
7, 52.08631, 5.12921, 2018-03-14T05:00:00Z, 160.9441, 9
7, 52.08631, 5.12921, 2018-03-14T06:00:00Z, 340.9441, 31
7, 52.08631, 5.12921, 2018-03-14T06:00:00Z, 160.9441, 20
7, 52.08631, 5.12921, 2018-03-14T07:00:00Z, 340.9441, 143
7, 52.08631, 5.12921, 2018-03-14T07:00:00Z, 160.9441, 127
7, 52.08631, 5.12921, 2018-03-14T08:00:00Z, 340.9441, 379
7, 52.08631, 5.12921, 2018-03-14T08:00:00Z, 160.9441, 394
7, 52.08631, 5.12921, 2018-03-14T09:00:00Z, 340.9441, 214
7, 52.08631, 5.12921, 2018-03-14T09:00:00Z, 160.9441, 184
7, 52.08631, 5.12921, 2018-03-14T10:00:00Z, 340.9441, 164
7, 52.08631, 5.12921, 2018-03-14T10:00:00Z, 160.9441, 127
7, 52.08631, 5.12921, 2018-03-14T11:00:00Z, 340.9441, 149
7, 52.08631, 5.12921, 2018-03-14T11:00:00Z, 160.9441, 157
7, 52.08631, 5.12921, 2018-03-14T12:00:00Z, 340.9441, 54
7, 52.08631, 5.12921, 2018-03-14T12:00:00Z, 160.9441, 156
7, 52.08631, 5.12921, 2018-03-14T13:00:00Z, 340.9441, 4
7, 52.08631, 5.12921, 2018-03-14T13:00:00Z, 160.9441, 169
7, 52.08631, 5.12921, 2018-03-14T14:00:00Z, 340.9441, 106
7, 52.08631, 5.12921, 2018-03-14T14:00:00Z, 160.9441, 198
7, 52.08631, 5.12921, 2018-03-14T15:00:00Z, 340.9441, 64
7, 52.08631, 5.12921, 2018-03-14T15:00:00Z, 160.9441, 193
7, 52.08631, 5.12921, 2018-03-14T16:00:00Z, 340.9441, 214
7, 52.08631, 5.12921, 2018-03-14T16:00:00Z, 160.9441, 233
7, 52.08631, 5.12921, 2018-03-14T17:00:00Z, 340.9441, 330
7, 52.08631, 5.12921, 2018-03-14T17:00:00Z, 160.9441, 345
7, 52.08631, 5.12921, 2018-03-14T18:00:00Z, 340.9441, 262
7, 52.08631, 5.12921, 2018-03-14T18:00:00Z, 160.9441, 262
7, 52.08631, 5.12921, 2018-03-14T19:00:00Z, 340.9441, 189
7, 52.08631, 5.12921, 2018-03-14T19:00:00Z, 160.9441, 217
7, 52.08631, 5.12921, 2018-03-14T20:00:00Z, 340.9441, 155
7, 52.08631, 5.12921, 2018-03-14T20:00:00Z, 160.9441, 160
7, 52.08631, 5.12921, 2018-03-14T21:00:00Z, 340.9441, 111
7, 52.08631, 5.12921, 2018-03-14T21:00:00Z, 160.9441, 138
7, 52.08631, 5.12921, 2018-03-14T22:00:00Z, 340.9441, 106
7, 52.08631, 5.12921, 2018-03-14T22:00:00Z, 160.9441, 138
7, 52.08631, 5.12921, 2018-03-14T23:00:00Z, 340.9441, 45
7, 52.08631, 5.12921, 2018-03-14T23:00:00Z, 160.9441, 72
8, 52.079065, 5.131936, 2018-03-14T00:00:00Z, 272.0317, 8
8, 52.079065, 5.131936, 2018-03-14T00:00:00Z, 93.46281, 31
8, 52.079065, 5.131936, 2018-03-14T01:00:00Z, 272.0317, 4
8, 52.079065, 5.131936, 2018-03-14T01:00:00Z, 93.46281, 14
8, 52.079065, 5.131936, 2018-03-14T02:00:00Z, 272.0317, 0
8, 52.079065, 5.131936, 2018-03-14T02:00:00Z, 93.46281, 7
8, 52.079065, 5.131936, 2018-03-14T03:00:00Z, 272.0317, 2
8, 52.079065, 5.131936, 2018-03-14T03:00:00Z, 93.46281, 6
8, 52.079065, 5.131936, 2018-03-14T04:00:00Z, 272.0317, 1
8, 52.079065, 5.131936, 2018-03-14T04:00:00Z, 93.46281, 6
8, 52.079065, 5.131936, 2018-03-14T05:00:00Z, 272.0317, 0
8, 52.079065, 5.131936, 2018-03-14T05:00:00Z, 93.46281, 9
8, 52.079065, 5.131936, 2018-03-14T06:00:00Z, 272.0317, 2
8, 52.079065, 5.131936, 2018-03-14T06:00:00Z, 93.46281, 54
8, 52.079065, 5.131936, 2018-03-14T07:00:00Z, 272.0317, 3
8, 52.079065, 5.131936, 2018-03-14T07:00:00Z, 93.46281, 212
8, 52.079065, 5.131936, 2018-03-14T08:00:00Z, 272.0317, 10
8, 52.079065, 5.131936, 2018-03-14T08:00:00Z, 93.46281, 391
8, 52.079065, 5.131936, 2018-03-14T09:00:00Z, 272.0317, 8
8, 52.079065, 5.131936, 2018-03-14T09:00:00Z, 93.46281, 208
8, 52.079065, 5.131936, 2018-03-14T10:00:00Z, 272.0317, 10
8, 52.079065, 5.131936, 2018-03-14T10:00:00Z, 93.46281, 168
8, 52.079065, 5.131936, 2018-03-14T11:00:00Z, 272.0317, 10
8, 52.079065, 5.131936, 2018-03-14T11:00:00Z, 93.46281, 98
8, 52.079065, 5.131936, 2018-03-14T12:00:00Z, 272.0317, 20
8, 52.079065, 5.131936, 2018-03-14T12:00:00Z, 93.46281, 118
8, 52.079065, 5.131936, 2018-03-14T13:00:00Z, 272.0317, 18
8, 52.079065, 5.131936, 2018-03-14T13:00:00Z, 93.46281, 126
8, 52.079065, 5.131936, 2018-03-14T14:00:00Z, 272.0317, 21
8, 52.079065, 5.131936, 2018-03-14T14:00:00Z, 93.46281, 117
8, 52.079065, 5.131936, 2018-03-14T15:00:00Z, 272.0317, 22
8, 52.079065, 5.131936, 2018-03-14T15:00:00Z, 93.46281, 111
8, 52.079065, 5.131936, 2018-03-14T16:00:00Z, 272.0317, 35
8, 52.079065, 5.131936, 2018-03-14T16:00:00Z, 93.46281, 143
8, 52.079065, 5.131936, 2018-03-14T17:00:00Z, 272.0317, 42
8, 52.079065, 5.131936, 2018-03-14T17:00:00Z, 93.46281, 145
8, 52.079065, 5.131936, 2018-03-14T18:00:00Z, 272.0317, 32
8, 52.079065, 5.131936, 2018-03-14T18:00:00Z, 93.46281, 167
8, 52.079065, 5.131936, 2018-03-14T19:00:00Z, 272.0317, 22
8, 52.079065, 5.131936, 2018-03-14T19:00:00Z, 93.46281, 116
8, 52.079065, 5.131936, 2018-03-14T20:00:00Z, 272.0317, 24
8, 52.079065, 5.131936, 2018-03-14T20:00:00Z, 93.46281, 85
8, 52.079065, 5.131936, 2018-03-14T21:00:00Z, 272.0317, 26
8, 52.079065, 5.131936, 2018-03-14T21:00:00Z, 93.46281, 69
8, 52.079065, 5.131936, 2018-03-14T22:00:00Z, 272.0317, 23
8, 52.079065, 5.131936, 2018-03-14T22:00:00Z, 93.46281, 62
8, 52.079065, 5.131936, 2018-03-14T23:00:00Z, 272.0317, 15
8, 52.079065, 5.131936, 2018-03-14T23:00:00Z, 93.46281, 62
9, 52.096120, 5.142705, 2018-03-14T00:00:00Z, 248.4439, 63
9, 52.096120, 5.142705, 2018-03-14T00:00:00Z, 70.12505, 77
9, 52.096120, 5.142705, 2018-03-14T01:00:00Z, 248.4439, 23
9, 52.096120, 5.142705, 2018-03-14T01:00:00Z, 70.12505, 32
9, 52.096120, 5.142705, 2018-03-14T02:00:00Z, 248.4439, 24
9, 52.096120, 5.142705, 2018-03-14T02:00:00Z, 70.12505, 7
9, 52.096120, 5.142705, 2018-03-14T03:00:00Z, 248.4439, 27
9, 52.096120, 5.142705, 2018-03-14T03:00:00Z, 70.12505, 15
9, 52.096120, 5.142705, 2018-03-14T04:00:00Z, 248.4439, 37
9, 52.096120, 5.142705, 2018-03-14T04:00:00Z, 70.12505, 9
9, 52.096120, 5.142705, 2018-03-14T05:00:00Z, 248.4439, 23
9, 52.096120, 5.142705, 2018-03-14T05:00:00Z, 70.12505, 14
9, 52.096120, 5.142705, 2018-03-14T06:00:00Z, 248.4439, 96
9, 52.096120, 5.142705, 2018-03-14T06:00:00Z, 70.12505, 71
9, 52.096120, 5.142705, 2018-03-14T07:00:00Z, 248.4439, 694
9, 52.096120, 5.142705, 2018-03-14T07:00:00Z, 70.12505, 268
9, 52.096120, 5.142705, 2018-03-14T08:00:00Z, 248.4439, 1912
9, 52.096120, 5.142705, 2018-03-14T08:00:00Z, 70.12505, 627
9, 52.096120, 5.142705, 2018-03-14T09:00:00Z, 248.4439, 807
9, 52.096120, 5.142705, 2018-03-14T09:00:00Z, 70.12505, 277
9, 52.096120, 5.142705, 2018-03-14T10:00:00Z, 248.4439, 552
9, 52.096120, 5.142705, 2018-03-14T10:00:00Z, 70.12505, 285
9, 52.096120, 5.142705, 2018-03-14T11:00:00Z, 248.4439, 326
9, 52.096120, 5.142705, 2018-03-14T11:00:00Z, 70.12505, 312
9, 52.096120, 5.142705, 2018-03-14T12:00:00Z, 248.4439, 506
9, 52.096120, 5.142705, 2018-03-14T12:00:00Z, 70.12505, 496
9, 52.096120, 5.142705, 2018-03-14T13:00:00Z, 248.4439, 479
9, 52.096120, 5.142705, 2018-03-14T13:00:00Z, 70.12505, 451
9, 52.096120, 5.142705, 2018-03-14T14:00:00Z, 248.4439, 407
9, 52.096120, 5.142705, 2018-03-14T14:00:00Z, 70.12505, 453
9, 52.096120, 5.142705, 2018-03-14T15:00:00Z, 248.4439, 355
9, 52.096120, 5.142705, 2018-03-14T15:00:00Z, 70.12505, 711
9, 52.096120, 5.142705, 2018-03-14T16:00:00Z, 248.4439, 492
9, 52.096120, 5.142705, 2018-03-14T16:00:00Z, 70.12505, 1017
9, 52.096120, 5.142705, 2018-03-14T17:00:00Z, 248.4439, 654
9, 52.096120, 5.142705, 2018-03-14T17:00:00Z, 70.12505, 1592
9, 52.096120, 5.142705, 2018-03-14T18:00:00Z, 248.4439, 444
9, 52.096120, 5.142705, 2018-03-14T18:00:00Z, 70.12505, 919
9, 52.096120, 5.142705, 2018-03-14T19:00:00Z, 248.4439, 264
9, 52.096120, 5.142705, 2018-03-14T19:00:00Z, 70.12505, 502
9, 52.096120, 5.142705, 2018-03-14T20:00:00Z, 248.4439, 186
9, 52.096120, 5.142705, 2018-03-14T20:00:00Z, 70.12505, 255
9, 52.096120, 5.142705, 2018-03-14T21:00:00Z, 248.4439, 171
9, 52.096120, 5.142705, 2018-03-14T21:00:00Z, 70.12505, 219
9, 52.096120, 5.142705, 2018-03-14T22:00:00Z, 248.4439, 157
9, 52.096120, 5.142705, 2018-03-14T22:00:00Z, 70.12505, 168
9, 52.096120, 5.142705, 2018-03-14T23:00:00Z, 248.4439, 124
9, 52.096120, 5.142705, 2018-03-14T23:00:00Z, 70.12505, 104
10, 52.086395, 5.161640, 2018-03-14T00:00:00Z, 270.8832, 58
10, 52.086395, 5.161640, 2018-03-14T00:00:00Z, 90.88322, 17
10, 52.086395, 5.161640, 2018-03-14T01:00:00Z, 270.8832, 32
10, 52.086395, 5.161640, 2018-03-14T01:00:00Z, 90.88322, 3
10, 52.086395, 5.161640, 2018-03-14T02:00:00Z, 270.8832, 8
10, 52.086395, 5.161640, 2018-03-14T02:00:00Z, 90.88322, 3
10, 52.086395, 5.161640, 2018-03-14T03:00:00Z, 270.8832, 12
10, 52.086395, 5.161640, 2018-03-14T03:00:00Z, 90.88322, 5
10, 52.086395, 5.161640, 2018-03-14T04:00:00Z, 270.8832, 11
10, 52.086395, 5.161640, 2018-03-14T04:00:00Z, 90.88322, 15
10, 52.086395, 5.161640, 2018-03-14T05:00:00Z, 270.8832, 4
10, 52.086395, 5.161640, 2018-03-14T05:00:00Z, 90.88322, 12
10, 52.086395, 5.161640, 2018-03-14T06:00:00Z, 270.8832, 5
10, 52.086395, 5.161640, 2018-03-14T06:00:00Z, 90.88322, 44
10, 52.086395, 5.161640, 2018-03-14T07:00:00Z, 270.8832, 40
10, 52.086395, 5.161640, 2018-03-14T07:00:00Z, 90.88322, 454
10, 52.086395, 5.161640, 2018-03-14T08:00:00Z, 270.8832, 136
10, 52.086395, 5.161640, 2018-03-14T08:00:00Z, 90.88322, 1418
10, 52.086395, 5.161640, 2018-03-14T09:00:00Z, 270.8832, 89
10, 52.086395, 5.161640, 2018-03-14T09:00:00Z, 90.88322, 833
10, 52.086395, 5.161640, 2018-03-14T10:00:00Z, 270.8832, 148
10, 52.086395, 5.161640, 2018-03-14T10:00:00Z, 90.88322, 540
10, 52.086395, 5.161640, 2018-03-14T11:00:00Z, 270.8832, 171
10, 52.086395, 5.161640, 2018-03-14T11:00:00Z, 90.88322, 248
10, 52.086395, 5.161640, 2018-03-14T12:00:00Z, 270.8832, 295
10, 52.086395, 5.161640, 2018-03-14T12:00:00Z, 90.88322, 309
10, 52.086395, 5.161640, 2018-03-14T13:00:00Z, 270.8832, 255
10, 52.086395, 5.161640, 2018-03-14T13:00:00Z, 90.88322, 395
10, 52.086395, 5.161640, 2018-03-14T14:00:00Z, 270.8832, 309
10, 52.086395, 5.161640, 2018-03-14T14:00:00Z, 90.88322, 218
10, 52.086395, 5.161640, 2018-03-14T15:00:00Z, 270.8832, 583
10, 52.086395, 5.161640, 2018-03-14T15:00:00Z, 90.88322, 216
10, 52.086395, 5.161640, 2018-03-14T16:00:00Z, 270.8832, 826
10, 52.086395, 5.161640, 2018-03-14T16:00:00Z, 90.88322, 179
10, 52.086395, 5.161640, 2018-03-14T17:00:00Z, 270.8832, 1270
10, 52.086395, 5.161640, 2018-03-14T17:00:00Z, 90.88322, 201
10, 52.086395, 5.161640, 2018-03-14T18:00:00Z, 270.8832, 715
10, 52.086395, 5.161640, 2018-03-14T18:00:00Z, 90.88322, 185
10, 52.086395, 5.161640, 2018-03-14T19:00:00Z, 270.8832, 386
10, 52.086395, 5.161640, 2018-03-14T19:00:00Z, 90.88322, 157
10, 52.086395, 5.161640, 2018-03-14T20:00:00Z, 270.8832, 199
10, 52.086395, 5.161640, 2018-03-14T20:00:00Z, 90.88322, 92
10, 52.086395, 5.161640, 2018-03-14T21:00:00Z, 270.8832, 188
10, 52.086395, 5.161640, 2018-03-14T21:00:00Z, 90.88322, 72
10, 52.086395, 5.161640, 2018-03-14T22:00:00Z, 270.8832, 146
10, 52.086395, 5.161640, 2018-03-14T22:00:00Z, 90.88322, 31
10, 52.086395, 5.161640, 2018-03-14T23:00:00Z, 270.8832, 89
10, 52.086395, 5.161640, 2018-03-14T23:00:00Z, 90.88322, 21
11, 52.084271, 5.161633, 2018-03-14T00:00:00Z, 281.8979, 67
11, 52.084271, 5.161633, 2018-03-14T00:00:00Z, 101.8979, 19
11, 52.084271, 5.161633, 2018-03-14T01:00:00Z, 281.8979, 29
11, 52.084271, 5.161633, 2018-03-14T01:00:00Z, 101.8979, 5
11, 52.084271, 5.161633, 2018-03-14T02:00:00Z, 281.8979, 6
11, 52.084271, 5.161633, 2018-03-14T02:00:00Z, 101.8979, 4
11, 52.084271, 5.161633, 2018-03-14T03:00:00Z, 281.8979, 11
11, 52.084271, 5.161633, 2018-03-14T03:00:00Z, 101.8979, 24
11, 52.084271, 5.161633, 2018-03-14T04:00:00Z, 281.8979, 8
11, 52.084271, 5.161633, 2018-03-14T04:00:00Z, 101.8979, 27
11, 52.084271, 5.161633, 2018-03-14T05:00:00Z, 281.8979, 1
11, 52.084271, 5.161633, 2018-03-14T05:00:00Z, 101.8979, 21
11, 52.084271, 5.161633, 2018-03-14T06:00:00Z, 281.8979, 17
11, 52.084271, 5.161633, 2018-03-14T06:00:00Z, 101.8979, 63
11, 52.084271, 5.161633, 2018-03-14T07:00:00Z, 281.8979, 84
11, 52.084271, 5.161633, 2018-03-14T07:00:00Z, 101.8979, 565
11, 52.084271, 5.161633, 2018-03-14T08:00:00Z, 281.8979, 164
11, 52.084271, 5.161633, 2018-03-14T08:00:00Z, 101.8979, 1585
11, 52.084271, 5.161633, 2018-03-14T09:00:00Z, 281.8979, 93
11, 52.084271, 5.161633, 2018-03-14T09:00:00Z, 101.8979, 970
11, 52.084271, 5.161633, 2018-03-14T10:00:00Z, 281.8979, 212
11, 52.084271, 5.161633, 2018-03-14T10:00:00Z, 101.8979, 640
11, 52.084271, 5.161633, 2018-03-14T11:00:00Z, 281.8979, 232
11, 52.084271, 5.161633, 2018-03-14T11:00:00Z, 101.8979, 353
11, 52.084271, 5.161633, 2018-03-14T12:00:00Z, 281.8979, 348
11, 52.084271, 5.161633, 2018-03-14T12:00:00Z, 101.8979, 442
11, 52.084271, 5.161633, 2018-03-14T13:00:00Z, 281.8979, 298
11, 52.084271, 5.161633, 2018-03-14T13:00:00Z, 101.8979, 468
11, 52.084271, 5.161633, 2018-03-14T14:00:00Z, 281.8979, 407
11, 52.084271, 5.161633, 2018-03-14T14:00:00Z, 101.8979, 282
11, 52.084271, 5.161633, 2018-03-14T15:00:00Z, 281.8979, 670
11, 52.084271, 5.161633, 2018-03-14T15:00:00Z, 101.8979, 264
11, 52.084271, 5.161633, 2018-03-14T16:00:00Z, 281.8979, 993
11, 52.084271, 5.161633, 2018-03-14T16:00:00Z, 101.8979, 207
11, 52.084271, 5.161633, 2018-03-14T17:00:00Z, 281.8979, 1365
11, 52.084271, 5.161633, 2018-03-14T17:00:00Z, 101.8979, 232
11, 52.084271, 5.161633, 2018-03-14T18:00:00Z, 281.8979, 789
11, 52.084271, 5.161633, 2018-03-14T18:00:00Z, 101.8979, 207
11, 52.084271, 5.161633, 2018-03-14T19:00:00Z, 281.8979, 365
11, 52.084271, 5.161633, 2018-03-14T19:00:00Z, 101.8979, 142
11, 52.084271, 5.161633, 2018-03-14T20:00:00Z, 281.8979, 191
11, 52.084271, 5.161633, 2018-03-14T20:00:00Z, 101.8979, 115
11, 52.084271, 5.161633, 2018-03-14T21:00:00Z, 281.8979, 212
11, 52.084271, 5.161633, 2018-03-14T21:00:00Z, 101.8979, 100
11, 52.084271, 5.161633, 2018-03-14T22:00:00Z, 281.8979, 124
11, 52.084271, 5.161633, 2018-03-14T22:00:00Z, 101.8979, 109
11, 52.084271, 5.161633, 2018-03-14T23:00:00Z, 281.8979, 81
11, 52.084271, 5.161633, 2018-03-14T23:00:00Z, 101.8979, 69
12, 52.106755, 5.107287, 2018-03-14T00:00:00Z, 152.1532, 0
12, 52.106755, 5.107287, 2018-03-14T00:00:00Z, 332.1532, 8
12, 52.106755, 5.107287, 2018-03-14T01:00:00Z, 152.1532, 1
12, 52.106755, 5.107287, 2018-03-14T01:00:00Z, 332.1532, 3
12, 52.106755, 5.107287, 2018-03-14T02:00:00Z, 152.1532, 0
12, 52.106755, 5.107287, 2018-03-14T02:00:00Z, 332.1532, 2
12, 52.106755, 5.107287, 2018-03-14T03:00:00Z, 152.1532, 1
12, 52.106755, 5.107287, 2018-03-14T03:00:00Z, 332.1532, 2
12, 52.106755, 5.107287, 2018-03-14T04:00:00Z, 152.1532, 4
12, 52.106755, 5.107287, 2018-03-14T04:00:00Z, 332.1532, 3
12, 52.106755, 5.107287, 2018-03-14T05:00:00Z, 152.1532, 6
12, 52.106755, 5.107287, 2018-03-14T05:00:00Z, 332.1532, 2
12, 52.106755, 5.107287, 2018-03-14T06:00:00Z, 152.1532, 24
12, 52.106755, 5.107287, 2018-03-14T06:00:00Z, 332.1532, 19
12, 52.106755, 5.107287, 2018-03-14T07:00:00Z, 152.1532, 78
12, 52.106755, 5.107287, 2018-03-14T07:00:00Z, 332.1532, 30
12, 52.106755, 5.107287, 2018-03-14T08:00:00Z, 152.1532, 141
12, 52.106755, 5.107287, 2018-03-14T08:00:00Z, 332.1532, 66
12, 52.106755, 5.107287, 2018-03-14T09:00:00Z, 152.1532, 71
12, 52.106755, 5.107287, 2018-03-14T09:00:00Z, 332.1532, 48
12, 52.106755, 5.107287, 2018-03-14T10:00:00Z, 152.1532, 56
12, 52.106755, 5.107287, 2018-03-14T10:00:00Z, 332.1532, 55
12, 52.106755, 5.107287, 2018-03-14T11:00:00Z, 152.1532, 67
12, 52.106755, 5.107287, 2018-03-14T11:00:00Z, 332.1532, 52
12, 52.106755, 5.107287, 2018-03-14T12:00:00Z, 152.1532, 51
12, 52.106755, 5.107287, 2018-03-14T12:00:00Z, 332.1532, 57
12, 52.106755, 5.107287, 2018-03-14T13:00:00Z, 152.1532, 75
12, 52.106755, 5.107287, 2018-03-14T13:00:00Z, 332.1532, 58
12, 52.106755, 5.107287, 2018-03-14T14:00:00Z, 152.1532, 62
12, 52.106755, 5.107287, 2018-03-14T14:00:00Z, 332.1532, 99
12, 52.106755, 5.107287, 2018-03-14T15:00:00Z, 152.1532, 64
12, 52.106755, 5.107287, 2018-03-14T15:00:00Z, 332.1532, 94
12, 52.106755, 5.107287, 2018-03-14T16:00:00Z, 152.1532, 92
12, 52.106755, 5.107287, 2018-03-14T16:00:00Z, 332.1532, 69
12, 52.106755, 5.107287, 2018-03-14T17:00:00Z, 152.1532, 99
12, 52.106755, 5.107287, 2018-03-14T17:00:00Z, 332.1532, 134
12, 52.106755, 5.107287, 2018-03-14T18:00:00Z, 152.1532, 52
12, 52.106755, 5.107287, 2018-03-14T18:00:00Z, 332.1532, 114
12, 52.106755, 5.107287, 2018-03-14T19:00:00Z, 152.1532, 47
12, 52.106755, 5.107287, 2018-03-14T19:00:00Z, 332.1532, 80
12, 52.106755, 5.107287, 2018-03-14T20:00:00Z, 152.1532, 27
12, 52.106755, 5.107287, 2018-03-14T20:00:00Z, 332.1532, 42
12, 52.106755, 5.107287, 2018-03-14T21:00:00Z, 152.1532, 28
12, 52.106755, 5.107287, 2018-03-14T21:00:00Z, 332.1532, 35
12, 52.106755, 5.107287, 2018-03-14T22:00:00Z, 152.1532, 24
12, 52.106755, 5.107287, 2018-03-14T22:00:00Z, 332.1532, 32
12, 52.106755, 5.107287, 2018-03-14T23:00:00Z, 152.1532, 19
12, 52.106755, 5.107287, 2018-03-14T23:00:00Z, 332.1532, 17
13, 52.087174, 5.078735, 2018-03-14T00:00:00Z, 90, 3
13, 52.087174, 5.078735, 2018-03-14T00:00:00Z, 270, 13
13, 52.087174, 5.078735, 2018-03-14T01:00:00Z, 90, 1
13, 52.087174, 5.078735, 2018-03-14T01:00:00Z, 270, 4
13, 52.087174, 5.078735, 2018-03-14T02:00:00Z, 90, 1
13, 52.087174, 5.078735, 2018-03-14T02:00:00Z, 270, 4
13, 52.087174, 5.078735, 2018-03-14T03:00:00Z, 90, 0
13, 52.087174, 5.078735, 2018-03-14T03:00:00Z, 270, 1
13, 52.087174, 5.078735, 2018-03-14T04:00:00Z, 90, 0
13, 52.087174, 5.078735, 2018-03-14T04:00:00Z, 270, 1
13, 52.087174, 5.078735, 2018-03-14T05:00:00Z, 90, 4
13, 52.087174, 5.078735, 2018-03-14T05:00:00Z, 270, 2
13, 52.087174, 5.078735, 2018-03-14T06:00:00Z, 90, 60
13, 52.087174, 5.078735, 2018-03-14T06:00:00Z, 270, 9
13, 52.087174, 5.078735, 2018-03-14T07:00:00Z, 90, 271
13, 52.087174, 5.078735, 2018-03-14T07:00:00Z, 270, 113
13, 52.087174, 5.078735, 2018-03-14T08:00:00Z, 90, 493
13, 52.087174, 5.078735, 2018-03-14T08:00:00Z, 270, 282
13, 52.087174, 5.078735, 2018-03-14T09:00:00Z, 90, 163
13, 52.087174, 5.078735, 2018-03-14T09:00:00Z, 270, 95
13, 52.087174, 5.078735, 2018-03-14T10:00:00Z, 90, 118
13, 52.087174, 5.078735, 2018-03-14T10:00:00Z, 270, 82
13, 52.087174, 5.078735, 2018-03-14T11:00:00Z, 90, 92
13, 52.087174, 5.078735, 2018-03-14T11:00:00Z, 270, 103
13, 52.087174, 5.078735, 2018-03-14T12:00:00Z, 90, 107
13, 52.087174, 5.078735, 2018-03-14T12:00:00Z, 270, 122
13, 52.087174, 5.078735, 2018-03-14T13:00:00Z, 90, 121
13, 52.087174, 5.078735, 2018-03-14T13:00:00Z, 270, 174
13, 52.087174, 5.078735, 2018-03-14T14:00:00Z, 90, 170
13, 52.087174, 5.078735, 2018-03-14T14:00:00Z, 270, 194
13, 52.087174, 5.078735, 2018-03-14T15:00:00Z, 90, 213
13, 52.087174, 5.078735, 2018-03-14T15:00:00Z, 270, 191
13, 52.087174, 5.078735, 2018-03-14T16:00:00Z, 90, 184
13, 52.087174, 5.078735, 2018-03-14T16:00:00Z, 270, 201
13, 52.087174, 5.078735, 2018-03-14T17:00:00Z, 90, 204
13, 52.087174, 5.078735, 2018-03-14T17:00:00Z, 270, 344
13, 52.087174, 5.078735, 2018-03-14T18:00:00Z, 90, 113
13, 52.087174, 5.078735, 2018-03-14T18:00:00Z, 270, 192
13, 52.087174, 5.078735, 2018-03-14T19:00:00Z, 90, 72
13, 52.087174, 5.078735, 2018-03-14T19:00:00Z, 270, 113
13, 52.087174, 5.078735, 2018-03-14T20:00:00Z, 90, 45
13, 52.087174, 5.078735, 2018-03-14T20:00:00Z, 270, 63
13, 52.087174, 5.078735, 2018-03-14T21:00:00Z, 90, 30
13, 52.087174, 5.078735, 2018-03-14T21:00:00Z, 270, 55
13, 52.087174, 5.078735, 2018-03-14T22:00:00Z, 90, 34
13, 52.087174, 5.078735, 2018-03-14T22:00:00Z, 270, 57
13, 52.087174, 5.078735, 2018-03-14T23:00:00Z, 90, 11
13, 52.087174, 5.078735, 2018-03-14T23:00:00Z, 270, 31
14, 52.094218, 5.104782, 2018-03-14T00:00:00Z, 125.1041, 1
14, 52.094218, 5.104782, 2018-03-14T00:00:00Z, 344.8744, 3
14, 52.094218, 5.104782, 2018-03-14T01:00:00Z, 125.1041, 1
14, 52.094218, 5.104782, 2018-03-14T01:00:00Z, 344.8744, 1
14, 52.094218, 5.104782, 2018-03-14T02:00:00Z, 125.1041, 1
14, 52.094218, 5.104782, 2018-03-14T02:00:00Z, 344.8744, 0
14, 52.094218, 5.104782, 2018-03-14T03:00:00Z, 125.1041, 2
14, 52.094218, 5.104782, 2018-03-14T03:00:00Z, 344.8744, 2
14, 52.094218, 5.104782, 2018-03-14T04:00:00Z, 125.1041, 0
14, 52.094218, 5.104782, 2018-03-14T04:00:00Z, 344.8744, 3
14, 52.094218, 5.104782, 2018-03-14T05:00:00Z, 125.1041, 0
14, 52.094218, 5.104782, 2018-03-14T05:00:00Z, 344.8744, 3
14, 52.094218, 5.104782, 2018-03-14T06:00:00Z, 125.1041, 0
14, 52.094218, 5.104782, 2018-03-14T06:00:00Z, 344.8744, 23
14, 52.094218, 5.104782, 2018-03-14T07:00:00Z, 125.1041, 1
14, 52.094218, 5.104782, 2018-03-14T07:00:00Z, 344.8744, 101
14, 52.094218, 5.104782, 2018-03-14T08:00:00Z, 125.1041, 1
14, 52.094218, 5.104782, 2018-03-14T08:00:00Z, 344.8744, 210
14, 52.094218, 5.104782, 2018-03-14T09:00:00Z, 125.1041, 2
14, 52.094218, 5.104782, 2018-03-14T09:00:00Z, 344.8744, 128
14, 52.094218, 5.104782, 2018-03-14T10:00:00Z, 125.1041, 1
14, 52.094218, 5.104782, 2018-03-14T10:00:00Z, 344.8744, 59
14, 52.094218, 5.104782, 2018-03-14T11:00:00Z, 125.1041, 7
14, 52.094218, 5.104782, 2018-03-14T11:00:00Z, 344.8744, 47
14, 52.094218, 5.104782, 2018-03-14T12:00:00Z, 125.1041, 2
14, 52.094218, 5.104782, 2018-03-14T12:00:00Z, 344.8744, 44
14, 52.094218, 5.104782, 2018-03-14T13:00:00Z, 125.1041, 9
14, 52.094218, 5.104782, 2018-03-14T13:00:00Z, 344.8744, 60
14, 52.094218, 5.104782, 2018-03-14T14:00:00Z, 125.1041, 3
14, 52.094218, 5.104782, 2018-03-14T14:00:00Z, 344.8744, 53
14, 52.094218, 5.104782, 2018-03-14T15:00:00Z, 125.1041, 2
14, 52.094218, 5.104782, 2018-03-14T15:00:00Z, 344.8744, 44
14, 52.094218, 5.104782, 2018-03-14T16:00:00Z, 125.1041, 9
14, 52.094218, 5.104782, 2018-03-14T16:00:00Z, 344.8744, 63
14, 52.094218, 5.104782, 2018-03-14T17:00:00Z, 125.1041, 6
14, 52.094218, 5.104782, 2018-03-14T17:00:00Z, 344.8744, 76
14, 52.094218, 5.104782, 2018-03-14T18:00:00Z, 125.1041, 5
14, 52.094218, 5.104782, 2018-03-14T18:00:00Z, 344.8744, 55
14, 52.094218, 5.104782, 2018-03-14T19:00:00Z, 125.1041, 3
14, 52.094218, 5.104782, 2018-03-14T19:00:00Z, 344.8744, 46
14, 52.094218, 5.104782, 2018-03-14T20:00:00Z, 125.1041, 5
14, 52.094218, 5.104782, 2018-03-14T20:00:00Z, 344.8744, 22
14, 52.094218, 5.104782, 2018-03-14T21:00:00Z, 125.1041, 6
14, 52.094218, 5.104782, 2018-03-14T21:00:00Z, 344.8744, 19
14, 52.094218, 5.104782, 2018-03-14T22:00:00Z, 125.1041, 9
14, 52.094218, 5.104782, 2018-03-14T22:00:00Z, 344.8744, 15
14, 52.094218, 5.104782, 2018-03-14T23:00:00Z, 125.1041, 0
14, 52.094218, 5.104782, 2018-03-14T23:00:00Z, 344.8744, 11
15, 52.102845, 5.133474, 2018-03-14T00:00:00Z, 282.9256, 6
15, 52.102845, 5.133474, 2018-03-14T00:00:00Z, 103.9878, 6
15, 52.102845, 5.133474, 2018-03-14T01:00:00Z, 282.9256, 2
15, 52.102845, 5.133474, 2018-03-14T01:00:00Z, 103.9878, 4
15, 52.102845, 5.133474, 2018-03-14T02:00:00Z, 282.9256, 0
15, 52.102845, 5.133474, 2018-03-14T02:00:00Z, 103.9878, 0
15, 52.102845, 5.133474, 2018-03-14T03:00:00Z, 282.9256, 1
15, 52.102845, 5.133474, 2018-03-14T03:00:00Z, 103.9878, 2
15, 52.102845, 5.133474, 2018-03-14T04:00:00Z, 282.9256, 4
15, 52.102845, 5.133474, 2018-03-14T04:00:00Z, 103.9878, 1
15, 52.102845, 5.133474, 2018-03-14T05:00:00Z, 282.9256, 3
15, 52.102845, 5.133474, 2018-03-14T05:00:00Z, 103.9878, 3
15, 52.102845, 5.133474, 2018-03-14T06:00:00Z, 282.9256, 11
15, 52.102845, 5.133474, 2018-03-14T06:00:00Z, 103.9878, 8
15, 52.102845, 5.133474, 2018-03-14T07:00:00Z, 282.9256, 77
15, 52.102845, 5.133474, 2018-03-14T07:00:00Z, 103.9878, 20
15, 52.102845, 5.133474, 2018-03-14T08:00:00Z, 282.9256, 170
15, 52.102845, 5.133474, 2018-03-14T08:00:00Z, 103.9878, 50
15, 52.102845, 5.133474, 2018-03-14T09:00:00Z, 282.9256, 68
15, 52.102845, 5.133474, 2018-03-14T09:00:00Z, 103.9878, 34
15, 52.102845, 5.133474, 2018-03-14T10:00:00Z, 282.9256, 63
15, 52.102845, 5.133474, 2018-03-14T10:00:00Z, 103.9878, 34
15, 52.102845, 5.133474, 2018-03-14T11:00:00Z, 282.9256, 41
15, 52.102845, 5.133474, 2018-03-14T11:00:00Z, 103.9878, 20
15, 52.102845, 5.133474, 2018-03-14T12:00:00Z, 282.9256, 74
15, 52.102845, 5.133474, 2018-03-14T12:00:00Z, 103.9878, 35
15, 52.102845, 5.133474, 2018-03-14T13:00:00Z, 282.9256, 58
15, 52.102845, 5.133474, 2018-03-14T13:00:00Z, 103.9878, 65
15, 52.102845, 5.133474, 2018-03-14T14:00:00Z, 282.9256, 47
15, 52.102845, 5.133474, 2018-03-14T14:00:00Z, 103.9878, 55
15, 52.102845, 5.133474, 2018-03-14T15:00:00Z, 282.9256, 53
15, 52.102845, 5.133474, 2018-03-14T15:00:00Z, 103.9878, 89
15, 52.102845, 5.133474, 2018-03-14T16:00:00Z, 282.9256, 47
15, 52.102845, 5.133474, 2018-03-14T16:00:00Z, 103.9878, 122
15, 52.102845, 5.133474, 2018-03-14T17:00:00Z, 282.9256, 64
15, 52.102845, 5.133474, 2018-03-14T17:00:00Z, 103.9878, 127
15, 52.102845, 5.133474, 2018-03-14T18:00:00Z, 282.9256, 34
15, 52.102845, 5.133474, 2018-03-14T18:00:00Z, 103.9878, 90
15, 52.102845, 5.133474, 2018-03-14T19:00:00Z, 282.9256, 40
15, 52.102845, 5.133474, 2018-03-14T19:00:00Z, 103.9878, 70
15, 52.102845, 5.133474, 2018-03-14T20:00:00Z, 282.9256, 34
15, 52.102845, 5.133474, 2018-03-14T20:00:00Z, 103.9878, 29
15, 52.102845, 5.133474, 2018-03-14T21:00:00Z, 282.9256, 21
15, 52.102845, 5.133474, 2018-03-14T21:00:00Z, 103.9878, 34
15, 52.102845, 5.133474, 2018-03-14T22:00:00Z, 282.9256, 30
15, 52.102845, 5.133474, 2018-03-14T22:00:00Z, 103.9878, 28
15, 52.102845, 5.133474, 2018-03-14T23:00:00Z, 282.9256, 12
15, 52.102845, 5.133474, 2018-03-14T23:00:00Z, 103.9878, 14
